<?xml version="1.0" encoding="UTF-8"?>
<beh:compCompuesto xmlns:beh="http://www.local.com/eCo/xml/Comportamiento.xsd" nombre="CentrocampistaPasivo" descripcion="">
  <beh:listaPropiedades>
    <beh:propiedad nombre="Attacker" valor="3.0" />
    <beh:propiedad nombre="Defender" valor="2.0" />
    <beh:propiedad nombre="Mobility" valor="4.0" />
    <beh:propiedad nombre="Goalkeeper" valor="1.0" />
  </beh:listaPropiedades>
  <beh:nodos>
    <beh:nodo id="5" inicial="false">
      <beh:compAtomico nombre="Bloquear centro" descripcion="Bloquea al oponente situado en el centro del campo que lleva la pelota">
        <beh:listaPropiedades>
          <beh:propiedad nombre="Attacker" valor="3.0" />
          <beh:propiedad nombre="Defender" valor="2.0" />
          <beh:propiedad nombre="Mobility" valor="4.0" />
          <beh:propiedad nombre="Goalkeeper" valor="1.0" />
        </beh:listaPropiedades>
        <beh:basicBehaviour name="Bloquear centro" />
      </beh:compAtomico>
      <beh:vista x="684" y="196" />
    </beh:nodo>
    <beh:nodo id="3" inicial="false">
      <beh:compAtomico nombre="Ir a la pelota" descripcion="Se dirige a la pelota">
        <beh:listaPropiedades>
          <beh:propiedad nombre="Attacker" valor="3.0" />
          <beh:propiedad nombre="Defender" valor="2.0" />
          <beh:propiedad nombre="Mobility" valor="4.0" />
          <beh:propiedad nombre="Goalkeeper" valor="1.0" />
        </beh:listaPropiedades>
        <beh:basicBehaviour name="Ir a la pelota" />
      </beh:compAtomico>
      <beh:vista x="390" y="342" />
    </beh:nodo>
    <beh:nodo id="2" inicial="false">
      <beh:compAtomico nombre="Esperar" descripcion="Se queda a la espera">
        <beh:listaPropiedades>
          <beh:propiedad nombre="Attacker" valor="3.0" />
          <beh:propiedad nombre="Defender" valor="2.0" />
          <beh:propiedad nombre="Mobility" valor="4.0" />
          <beh:propiedad nombre="Goalkeeper" valor="1.0" />
        </beh:listaPropiedades>
        <beh:basicBehaviour name="Wait" />
      </beh:compAtomico>
      <beh:vista x="383" y="41" />
    </beh:nodo>
    <beh:nodo id="13" inicial="false">
      <beh:compAtomico nombre="Tirar si gol" descripcion="">
        <beh:listaPropiedades>
          <beh:propiedad nombre="Attacker" valor="3.0" />
          <beh:propiedad nombre="Defender" valor="2.0" />
          <beh:propiedad nombre="Mobility" valor="4.0" />
          <beh:propiedad nombre="Goalkeeper" valor="1.0" />
        </beh:listaPropiedades>
        <beh:basicBehaviour name="Tirar si gol" />
      </beh:compAtomico>
      <beh:vista x="195" y="371" />
    </beh:nodo>
    <beh:nodo id="1" inicial="true">
      <beh:compAtomico nombre="Ir pos centro" descripcion="Se dirige al centro del campo">
        <beh:listaPropiedades>
          <beh:propiedad nombre="Attacker" valor="3.0" />
          <beh:propiedad nombre="Defender" valor="2.0" />
          <beh:propiedad nombre="Mobility" valor="4.0" />
          <beh:propiedad nombre="Goalkeeper" valor="1.0" />
        </beh:listaPropiedades>
        <beh:basicBehaviour name="Go To Center" />
      </beh:compAtomico>
      <beh:vista x="69" y="35" />
    </beh:nodo>
  </beh:nodos>
  <beh:aristas>
    <beh:arista id="21" origen="5" destino="1" descripcion="Si la pelota sale del área del centro">
      <beh:condition>
        <beh:aggregation aggregator="AND">
          <beh:aggregation aggregator="AND">
            <condition comparator="&lt;=">
              <left type="sensor" value="fieldBallX" />
              <right type="constant" value="-0.7" />
            </condition>
            <condition comparator="&gt;=">
              <left type="sensor" value="fieldBallX" />
              <right type="constant" value="0.7" />
            </condition>
          </beh:aggregation>
        </beh:aggregation>
      </beh:condition>
    </beh:arista>
    <beh:arista id="20" origen="3" destino="5" descripcion="He perdido la pelota o la ha cogido alguien de mi equipo">
      <beh:condition>
        <beh:aggregation aggregator="AND">
          <condition comparator="&gt;">
            <left type="sensor" value="getBallR" />
            <right type="constant" value="0.3" />
          </condition>
        </beh:aggregation>
      </beh:condition>
    </beh:arista>
    <beh:arista id="19" origen="3" destino="13" descripcion="Si tengo la pelota">
      <beh:condition>
        <beh:aggregation aggregator="AND">
          <condition comparator="&lt;=">
            <left type="sensor" value="getBallR" />
            <right type="constant" value="0.3" />
          </condition>
        </beh:aggregation>
      </beh:condition>
    </beh:arista>
    <beh:arista id="18" origen="13" destino="1" descripcion="Al terminar la accion o perder la pelota">
      <beh:condition>
        <beh:aggregation aggregator="AND">
          <condition comparator="&gt;">
            <left type="sensor" value="getBallR" />
            <right type="constant" value="0.3" />
          </condition>
        </beh:aggregation>
      </beh:condition>
    </beh:arista>
    <beh:arista id="17" origen="2" destino="5" descripcion="Bloqueamos al jugador que se encuentre por el centro del campo">
      <beh:condition>
        <beh:aggregation aggregator="AND">
          <condition comparator="==">
            <left type="sensor" value="closestToBall" />
            <right type="constant" value="false" />
          </condition>
          <beh:aggregation aggregator="AND">
            <condition comparator="&gt;=">
              <left type="sensor" value="fieldBallX" />
              <right type="constant" value="-0.7" />
            </condition>
            <condition comparator="&lt;=">
              <left type="sensor" value="fieldBallX" />
              <right type="constant" value="0.7" />
            </condition>
          </beh:aggregation>
        </beh:aggregation>
      </beh:condition>
    </beh:arista>
    <beh:arista id="16" origen="2" destino="3" descripcion="Aparece la pelota en el centro del campo">
      <beh:condition>
        <beh:aggregation aggregator="AND">
          <beh:aggregation aggregator="AND">
            <condition comparator="&gt;">
              <left type="sensor" value="fieldBallX" />
              <right type="constant" value="-0.7" />
            </condition>
            <condition comparator="&lt;">
              <left type="sensor" value="fieldBallX" />
              <right type="constant" value="0.7" />
            </condition>
          </beh:aggregation>
          <condition comparator="==">
            <left type="sensor" value="closestToBall" />
            <right type="constant" value="true" />
          </condition>
        </beh:aggregation>
      </beh:condition>
    </beh:arista>
    <beh:arista id="15" origen="1" destino="2" descripcion="He llegado al centro">
      <beh:condition>
        <beh:aggregation aggregator="AND">
          <condition comparator="==">
            <left type="sensor" value="normalizedPositionX" />
            <right type="constant" value="0" />
          </condition>
          <condition comparator="==">
            <left type="sensor" value="getPositionY" />
            <right type="constant" value="0" />
          </condition>
        </beh:aggregation>
      </beh:condition>
    </beh:arista>
  </beh:aristas>
</beh:compCompuesto>

