<?xml version="1.0" encoding="UTF-8"?>
<es:editSequence xmlns:es="http://www.local.com/eCo/xml/EditSequence.xsd" onSave="true">
  <es:session id="1" timestamp="20120504-10:51:47.050">
    <es:EditOperation timestamp="20120504-10:51:57.669" repositoryPath="SoccerBots" mainBehaviour="CentrocamipistaGoleador" operationType="ADD_NODE" parentBehaviour="CentrocamipistaGoleador" parentId="MAIN" id="1" />
    <es:EditOperation timestamp="20120504-10:52:00.494" repositoryPath="SoccerBots" mainBehaviour="CentrocamipistaGoleador" operationType="ADD_NODE" parentBehaviour="CentrocamipistaGoleador" parentId="MAIN" id="2" />
    <es:EditOperation timestamp="20120504-10:52:02.252" repositoryPath="SoccerBots" mainBehaviour="CentrocamipistaGoleador" operationType="ADD_NODE" parentBehaviour="CentrocamipistaGoleador" parentId="MAIN" id="3" />
    <es:EditOperation timestamp="20120504-10:52:03.802" repositoryPath="SoccerBots" mainBehaviour="CentrocamipistaGoleador" operationType="ADD_NODE" parentBehaviour="CentrocamipistaGoleador" parentId="MAIN" id="4" />
    <es:EditOperation timestamp="20120504-10:52:05.670" repositoryPath="SoccerBots" mainBehaviour="CentrocamipistaGoleador" operationType="ADD_NODE" parentBehaviour="CentrocamipistaGoleador" parentId="MAIN" id="5" />
    <es:EditOperation timestamp="20120504-10:52:11.197" repositoryPath="SoccerBots" mainBehaviour="CentrocamipistaGoleador" operationType="ADD_NODE" parentBehaviour="CentrocamipistaGoleador" parentId="MAIN" id="6" />
    <es:EditOperation timestamp="20120504-10:52:11.373" repositoryPath="SoccerBots" mainBehaviour="CentrocamipistaGoleador" operationType="ADD_NODE" parentBehaviour="CentrocamipistaGoleador" parentId="MAIN" id="7" />
    <es:CompoundOperation operationType="COMPOUNDEDIT" description="eliminar nodo">
      <es:EditOperation timestamp="20120504-10:52:18.606" repositoryPath="SoccerBots" mainBehaviour="CentrocamipistaGoleador" operationType="REMOVE_NODE" parentBehaviour="CentrocamipistaGoleador" parentId="MAIN" id="6" />
      <es:EditOperation timestamp="20120504-10:52:18.606" repositoryPath="SoccerBots" mainBehaviour="CentrocamipistaGoleador" operationType="REMOVE_NODE" parentBehaviour="CentrocamipistaGoleador" parentId="MAIN" id="7" />
    </es:CompoundOperation>
    <es:EditOperation timestamp="20120504-10:52:32.508" repositoryPath="SoccerBots" mainBehaviour="CentrocamipistaGoleador" operationType="EDIT_NODE" parentBehaviour="CentrocamipistaGoleador" parentId="MAIN" id="1">
      <es:oldContent />
      <es:newContent>
        <compAtomico xmlns="http://www.local.com/eCo/xml/Comportamiento.xsd" nombre="Ir a la pelota" descripcion="">
          <listaPropiedades>
            <propiedad nombre="Attacker" valor="3.0" />
            <propiedad nombre="Defender" valor="2.0" />
            <propiedad nombre="Mobility" valor="4.0" />
            <propiedad nombre="Goalkeeper" valor="1.0" />
          </listaPropiedades>
          <basicBehaviour name="Ir a la pelota" />
        </compAtomico>
      </es:newContent>
    </es:EditOperation>
    <es:EditOperation timestamp="20120504-10:53:16.399" repositoryPath="SoccerBots" mainBehaviour="CentrocamipistaGoleador" operationType="EDIT_NODE" parentBehaviour="CentrocamipistaGoleador" parentId="MAIN" id="2">
      <es:oldContent />
      <es:newContent>
        <compAtomico xmlns="http://www.local.com/eCo/xml/Comportamiento.xsd" nombre="Ir al centro del campo" descripcion="">
          <listaPropiedades>
            <propiedad nombre="Attacker" valor="3.0" />
            <propiedad nombre="Defender" valor="2.0" />
            <propiedad nombre="Mobility" valor="4.0" />
            <propiedad nombre="Goalkeeper" valor="1.0" />
          </listaPropiedades>
          <basicBehaviour name="Go To Center" />
        </compAtomico>
      </es:newContent>
    </es:EditOperation>
    <es:EditOperation timestamp="20120504-10:55:02.863" repositoryPath="SoccerBots" mainBehaviour="CentrocamipistaGoleador" operationType="EDIT_NODE" parentBehaviour="CentrocamipistaGoleador" parentId="MAIN" id="4">
      <es:oldContent />
      <es:newContent>
        <compAtomico xmlns="http://www.local.com/eCo/xml/Comportamiento.xsd" nombre="Defender área" descripcion="">
          <listaPropiedades>
            <propiedad nombre="Attacker" valor="3.0" />
            <propiedad nombre="Defender" valor="2.0" />
            <propiedad nombre="Mobility" valor="4.0" />
            <propiedad nombre="Goalkeeper" valor="1.0" />
          </listaPropiedades>
          <basicBehaviour name="Block Goalkeeper" />
        </compAtomico>
      </es:newContent>
    </es:EditOperation>
    <es:EditOperation timestamp="20120504-10:55:39.783" repositoryPath="SoccerBots" mainBehaviour="CentrocamipistaGoleador" operationType="EDIT_NODE" parentBehaviour="CentrocamipistaGoleador" parentId="MAIN" id="3">
      <es:oldContent />
      <es:newContent>
        <compAtomico xmlns="http://www.local.com/eCo/xml/Comportamiento.xsd" nombre="Meter gol" descripcion="">
          <listaPropiedades>
            <propiedad nombre="Attacker" valor="3.0" />
            <propiedad nombre="Defender" valor="2.0" />
            <propiedad nombre="Mobility" valor="4.0" />
            <propiedad nombre="Goalkeeper" valor="1.0" />
          </listaPropiedades>
          <basicBehaviour name="Lead Ball To Goal" />
        </compAtomico>
      </es:newContent>
    </es:EditOperation>
    <es:EditOperation timestamp="20120504-11:03:15.543" repositoryPath="SoccerBots" mainBehaviour="CentrocamipistaGoleador" operationType="EDIT_NODE" parentBehaviour="CentrocamipistaGoleador" parentId="MAIN" id="5">
      <es:oldContent />
      <es:newContent>
        <compAtomico xmlns="http://www.local.com/eCo/xml/Comportamiento.xsd" nombre="Pasar" descripcion="Realiza un pase cuando el compañero más cercano no está bloqueado y tenemos un oponente cerca.">
          <listaPropiedades>
            <propiedad nombre="Attacker" valor="3.0" />
            <propiedad nombre="Defender" valor="2.0" />
            <propiedad nombre="Mobility" valor="4.0" />
            <propiedad nombre="Goalkeeper" valor="1.0" />
          </listaPropiedades>
          <basicBehaviour name="Pasar" />
        </compAtomico>
      </es:newContent>
    </es:EditOperation>
    <es:EditOperation timestamp="20120504-11:05:49.304" repositoryPath="SoccerBots" mainBehaviour="CentrocamipistaGoleador" operationType="ADD_EDGE" parentBehaviour="CentrocamipistaGoleador" parentId="MAIN" id="8" from="1" to="2" />
    <es:EditOperation timestamp="20120504-11:05:50.534" repositoryPath="SoccerBots" mainBehaviour="CentrocamipistaGoleador" operationType="ADD_EDGE" parentBehaviour="CentrocamipistaGoleador" parentId="MAIN" id="9" from="2" to="1" />
    <es:EditOperation timestamp="20120504-11:05:53.326" repositoryPath="SoccerBots" mainBehaviour="CentrocamipistaGoleador" operationType="ADD_EDGE" parentBehaviour="CentrocamipistaGoleador" parentId="MAIN" id="10" from="1" to="3" />
    <es:EditOperation timestamp="20120504-11:06:08.414" repositoryPath="SoccerBots" mainBehaviour="CentrocamipistaGoleador" operationType="ADD_EDGE" parentBehaviour="CentrocamipistaGoleador" parentId="MAIN" id="11" from="3" to="2" />
    <es:EditOperation timestamp="20120504-11:06:09.557" repositoryPath="SoccerBots" mainBehaviour="CentrocamipistaGoleador" operationType="ADD_EDGE" parentBehaviour="CentrocamipistaGoleador" parentId="MAIN" id="12" from="2" to="3" />
    <es:EditOperation timestamp="20120504-11:06:12.701" repositoryPath="SoccerBots" mainBehaviour="CentrocamipistaGoleador" operationType="ADD_EDGE" parentBehaviour="CentrocamipistaGoleador" parentId="MAIN" id="13" from="2" to="4" />
    <es:EditOperation timestamp="20120504-11:06:13.485" repositoryPath="SoccerBots" mainBehaviour="CentrocamipistaGoleador" operationType="ADD_EDGE" parentBehaviour="CentrocamipistaGoleador" parentId="MAIN" id="14" from="4" to="2" />
    <es:EditOperation timestamp="20120504-11:06:18.189" repositoryPath="SoccerBots" mainBehaviour="CentrocamipistaGoleador" operationType="ADD_EDGE" parentBehaviour="CentrocamipistaGoleador" parentId="MAIN" id="15" from="2" to="5" />
    <es:EditOperation timestamp="20120504-11:06:19.229" repositoryPath="SoccerBots" mainBehaviour="CentrocamipistaGoleador" operationType="ADD_EDGE" parentBehaviour="CentrocamipistaGoleador" parentId="MAIN" id="16" from="5" to="2" />
    <es:EditOperation timestamp="20120504-11:06:24.180" repositoryPath="SoccerBots" mainBehaviour="CentrocamipistaGoleador" operationType="ADD_EDGE" parentBehaviour="CentrocamipistaGoleador" parentId="MAIN" id="17" from="1" to="5" />
    <es:EditOperation timestamp="20120504-11:06:26.854" repositoryPath="SoccerBots" mainBehaviour="CentrocamipistaGoleador" operationType="ADD_EDGE" parentBehaviour="CentrocamipistaGoleador" parentId="MAIN" id="18" from="5" to="1" />
    <es:EditOperation timestamp="20120504-11:06:33.822" repositoryPath="SoccerBots" mainBehaviour="CentrocamipistaGoleador" operationType="ADD_EDGE" parentBehaviour="CentrocamipistaGoleador" parentId="MAIN" id="19" from="3" to="5" />
    <es:EditOperation timestamp="20120504-11:06:35.630" repositoryPath="SoccerBots" mainBehaviour="CentrocamipistaGoleador" operationType="ADD_EDGE" parentBehaviour="CentrocamipistaGoleador" parentId="MAIN" id="20" from="5" to="3" />
  </es:session>
  <es:session id="2" timestamp="20120504-14:24:56.331">
    <es:EditOperation timestamp="20120504-14:27:00.931" repositoryPath="Soccerbots" mainBehaviour="CentrocamipistaGoleador" operationType="EDIT_EDGE" parentBehaviour="CentrocamipistaGoleador" parentId="MAIN" id="8">
      <es:oldEdge>
        <arista xmlns="http://www.local.com/eCo/xml/Comportamiento.xsd" id="8" origen="1" destino="2" descripcion="">
          <condition />
        </arista>
      </es:oldEdge>
      <es:newEdge>
        <arista xmlns="http://www.local.com/eCo/xml/Comportamiento.xsd" id="8" origen="1" destino="2" descripcion="">
          <condition>
            <aggregation aggregator="AND">
              <condition xmlns="" comparator="&gt;=">
                <left type="sensor" value="getBallR" />
                <right type="constant" value="0.3" />
              </condition>
              <condition xmlns="" comparator="&lt;">
                <left type="sensor" value="fieldBallX" />
                <right type="constant" value="0" />
              </condition>
            </aggregation>
          </condition>
        </arista>
      </es:newEdge>
    </es:EditOperation>
    <es:EditOperation timestamp="20120504-14:27:23.246" repositoryPath="Soccerbots" mainBehaviour="CentrocamipistaGoleador" operationType="EDIT_EDGE" parentBehaviour="CentrocamipistaGoleador" parentId="MAIN" id="8">
      <es:oldEdge>
        <arista xmlns="http://www.local.com/eCo/xml/Comportamiento.xsd" id="8" origen="1" destino="2" descripcion="">
          <condition>
            <aggregation aggregator="AND">
              <condition xmlns="" comparator="&gt;=">
                <left type="sensor" value="getBallR" />
                <right type="constant" value="0.3" />
              </condition>
              <condition xmlns="" comparator="&lt;">
                <left type="sensor" value="fieldBallX" />
                <right type="constant" value="0" />
              </condition>
            </aggregation>
          </condition>
        </arista>
      </es:oldEdge>
      <es:newEdge>
        <arista xmlns="http://www.local.com/eCo/xml/Comportamiento.xsd" id="8" origen="1" destino="2" descripcion="No tengo la pelota y además está en mi campo">
          <condition>
            <aggregation aggregator="AND">
              <condition xmlns="" comparator="&gt;=">
                <left type="sensor" value="getBallR" />
                <right type="constant" value="0.3" />
              </condition>
              <condition xmlns="" comparator="&lt;">
                <left type="sensor" value="fieldBallX" />
                <right type="constant" value="0" />
              </condition>
            </aggregation>
          </condition>
        </arista>
      </es:newEdge>
    </es:EditOperation>
    <es:EditOperation timestamp="20120504-14:31:26.707" repositoryPath="Soccerbots" mainBehaviour="CentrocamipistaGoleador" operationType="EDIT_EDGE" parentBehaviour="CentrocamipistaGoleador" parentId="MAIN" id="17">
      <es:oldEdge>
        <arista xmlns="http://www.local.com/eCo/xml/Comportamiento.xsd" id="17" origen="1" destino="5" descripcion="">
          <condition />
        </arista>
      </es:oldEdge>
      <es:newEdge>
        <arista xmlns="http://www.local.com/eCo/xml/Comportamiento.xsd" id="17" origen="1" destino="5" descripcion="Tengo la pelota, hay un compeñero cerca no bloqueado y tengo oponentes cerca">
          <condition>
            <aggregation aggregator="AND">
              <condition xmlns="" comparator="&lt;">
                <left type="sensor" value="getBallR" />
                <right type="constant" value="0.3" />
              </condition>
              <aggregation aggregator="AND">
                <condition xmlns="" comparator="==">
                  <left type="sensor" value="getClosestMateR" />
                  <right type="constant" value="" />
                </condition>
                <condition xmlns="" comparator="==">
                  <left type="sensor" value="blocked" />
                  <right type="constant" value="false" />
                </condition>
              </aggregation>
            </aggregation>
          </condition>
        </arista>
      </es:newEdge>
    </es:EditOperation>
    <es:EditOperation timestamp="20120504-14:48:53.920" repositoryPath="Soccerbots" mainBehaviour="CentrocamipistaGoleador" operationType="EDIT_EDGE" parentBehaviour="CentrocamipistaGoleador" parentId="MAIN" id="17">
      <es:oldEdge>
        <arista xmlns="http://www.local.com/eCo/xml/Comportamiento.xsd" id="17" origen="1" destino="5" descripcion="Tengo la pelota, hay un compeñero cerca no bloqueado y tengo oponentes cerca">
          <condition>
            <aggregation aggregator="AND">
              <condition xmlns="" comparator="&lt;">
                <left type="sensor" value="getBallR" />
                <right type="constant" value="0.3" />
              </condition>
              <aggregation aggregator="AND">
                <condition xmlns="" comparator="==">
                  <left type="sensor" value="getClosestMateR" />
                  <right type="constant" value="" />
                </condition>
                <condition xmlns="" comparator="==">
                  <left type="sensor" value="blocked" />
                  <right type="constant" value="false" />
                </condition>
              </aggregation>
            </aggregation>
          </condition>
        </arista>
      </es:oldEdge>
      <es:newEdge>
        <arista xmlns="http://www.local.com/eCo/xml/Comportamiento.xsd" id="17" origen="1" destino="5" descripcion="Tengo la pelota, hay un compeñero cerca no bloqueado y tengo oponentes cerca">
          <condition>
            <aggregation aggregator="AND">
              <condition xmlns="" comparator="&lt;">
                <left type="sensor" value="getBallR" />
                <right type="constant" value="0.3" />
              </condition>
              <condition xmlns="" comparator="&lt;=">
                <left type="sensor" value="getClosestMateR" />
                <right type="constant" value="0.6" />
              </condition>
            </aggregation>
          </condition>
        </arista>
      </es:newEdge>
    </es:EditOperation>
    <es:EditOperation timestamp="20120504-14:50:24.980" repositoryPath="Soccerbots" mainBehaviour="CentrocamipistaGoleador" operationType="EDIT_EDGE" parentBehaviour="CentrocamipistaGoleador" parentId="MAIN" id="10">
      <es:oldEdge>
        <arista xmlns="http://www.local.com/eCo/xml/Comportamiento.xsd" id="10" origen="1" destino="3" descripcion="">
          <condition />
        </arista>
      </es:oldEdge>
      <es:newEdge>
        <arista xmlns="http://www.local.com/eCo/xml/Comportamiento.xsd" id="10" origen="1" destino="3" descripcion="Tengo la pelota y además estoy cerca de la portería (campo opuesto)">
          <condition>
            <aggregation aggregator="AND">
              <condition xmlns="" comparator="&lt;">
                <left type="sensor" value="getBallR" />
                <right type="constant" value="0.3" />
              </condition>
              <condition xmlns="" comparator="&gt;">
                <left type="sensor" value="fieldBallX" />
                <right type="constant" value="0" />
              </condition>
            </aggregation>
          </condition>
        </arista>
      </es:newEdge>
    </es:EditOperation>
    <es:EditOperation timestamp="20120504-14:53:46.361" repositoryPath="Soccerbots" mainBehaviour="CentrocamipistaGoleador" operationType="EDIT_EDGE" parentBehaviour="CentrocamipistaGoleador" parentId="MAIN" id="9">
      <es:oldEdge>
        <arista xmlns="http://www.local.com/eCo/xml/Comportamiento.xsd" id="9" origen="2" destino="1" descripcion="">
          <condition />
        </arista>
      </es:oldEdge>
      <es:newEdge>
        <arista xmlns="http://www.local.com/eCo/xml/Comportamiento.xsd" id="9" origen="2" destino="1" descripcion="La pelota está cerca o está en el campo del oponente">
          <condition>
            <aggregation aggregator="OR">
              <condition xmlns="" comparator="&lt;">
                <left type="sensor" value="getBallR" />
                <right type="constant" value="0.5" />
              </condition>
              <condition xmlns="" comparator="&gt;">
                <left type="sensor" value="fieldBallX" />
                <right type="constant" value="0" />
              </condition>
            </aggregation>
          </condition>
        </arista>
      </es:newEdge>
    </es:EditOperation>
    <es:EditOperation timestamp="20120504-14:54:28.260" repositoryPath="Soccerbots" mainBehaviour="CentrocamipistaGoleador" operationType="EDIT_EDGE" parentBehaviour="CentrocamipistaGoleador" parentId="MAIN" id="15">
      <es:oldEdge>
        <arista xmlns="http://www.local.com/eCo/xml/Comportamiento.xsd" id="15" origen="2" destino="5" descripcion="">
          <condition />
        </arista>
      </es:oldEdge>
      <es:newEdge>
        <arista xmlns="http://www.local.com/eCo/xml/Comportamiento.xsd" id="15" origen="2" destino="5" descripcion="Tengo la pelota, tengo un compañero cerca y tengo oponentes cerca">
          <condition>
            <aggregation aggregator="AND" />
          </condition>
        </arista>
      </es:newEdge>
    </es:EditOperation>
    <es:EditOperation timestamp="20120504-14:56:05.347" repositoryPath="Soccerbots" mainBehaviour="CentrocamipistaGoleador" operationType="EDIT_EDGE" parentBehaviour="CentrocamipistaGoleador" parentId="MAIN" id="15">
      <es:oldEdge>
        <arista xmlns="http://www.local.com/eCo/xml/Comportamiento.xsd" id="15" origen="2" destino="5" descripcion="Tengo la pelota, tengo un compañero cerca y tengo oponentes cerca">
          <condition>
            <aggregation aggregator="AND" />
          </condition>
        </arista>
      </es:oldEdge>
      <es:newEdge>
        <arista xmlns="http://www.local.com/eCo/xml/Comportamiento.xsd" id="15" origen="2" destino="5" descripcion="Tengo la pelota, tengo un compañero cerca y tengo oponentes cerca">
          <condition>
            <aggregation aggregator="AND">
              <condition xmlns="" comparator="&lt;">
                <left type="sensor" value="getBallR" />
                <right type="constant" value="0.3" />
              </condition>
              <condition xmlns="" comparator="&lt;=">
                <left type="sensor" value="getClosestMateR" />
                <right type="constant" value="0.6" />
              </condition>
            </aggregation>
          </condition>
        </arista>
      </es:newEdge>
    </es:EditOperation>
    <es:EditOperation timestamp="20120504-14:56:26.359" repositoryPath="Soccerbots" mainBehaviour="CentrocamipistaGoleador" operationType="EDIT_EDGE" parentBehaviour="CentrocamipistaGoleador" parentId="MAIN" id="15">
      <es:oldEdge>
        <arista xmlns="http://www.local.com/eCo/xml/Comportamiento.xsd" id="15" origen="2" destino="5" descripcion="Tengo la pelota, tengo un compañero cerca y tengo oponentes cerca">
          <condition>
            <aggregation aggregator="AND">
              <condition xmlns="" comparator="&lt;">
                <left type="sensor" value="getBallR" />
                <right type="constant" value="0.3" />
              </condition>
              <condition xmlns="" comparator="&lt;=">
                <left type="sensor" value="getClosestMateR" />
                <right type="constant" value="0.6" />
              </condition>
            </aggregation>
          </condition>
        </arista>
      </es:oldEdge>
      <es:newEdge>
        <arista xmlns="http://www.local.com/eCo/xml/Comportamiento.xsd" id="15" origen="2" destino="5" descripcion="Tengo la pelota, tengo un compañero cerca y tengo oponentes cerca">
          <condition>
            <aggregation aggregator="AND">
              <condition xmlns="" comparator="&lt;">
                <left type="sensor" value="getBallR" />
                <right type="constant" value="0.3" />
              </condition>
              <condition xmlns="" comparator="&lt;=">
                <left type="sensor" value="getClosestMateR" />
                <right type="constant" value="0.6" />
              </condition>
            </aggregation>
          </condition>
        </arista>
      </es:newEdge>
    </es:EditOperation>
    <es:EditOperation timestamp="20120504-14:57:23.439" repositoryPath="Soccerbots" mainBehaviour="CentrocamipistaGoleador" operationType="EDIT_EDGE" parentBehaviour="CentrocamipistaGoleador" parentId="MAIN" id="12">
      <es:oldEdge>
        <arista xmlns="http://www.local.com/eCo/xml/Comportamiento.xsd" id="12" origen="2" destino="3" descripcion="">
          <condition />
        </arista>
      </es:oldEdge>
      <es:newEdge>
        <arista xmlns="http://www.local.com/eCo/xml/Comportamiento.xsd" id="12" origen="2" destino="3" descripcion="La pelota está en el campo del oponente">
          <condition>
            <aggregation aggregator="AND">
              <condition xmlns="" comparator="&gt;">
                <left type="sensor" value="fieldBallX" />
                <right type="constant" value="0" />
              </condition>
            </aggregation>
          </condition>
        </arista>
      </es:newEdge>
    </es:EditOperation>
    <es:EditOperation timestamp="20120504-14:59:42.206" repositoryPath="Soccerbots" mainBehaviour="CentrocamipistaGoleador" operationType="EDIT_EDGE" parentBehaviour="CentrocamipistaGoleador" parentId="MAIN" id="13">
      <es:oldEdge>
        <arista xmlns="http://www.local.com/eCo/xml/Comportamiento.xsd" id="13" origen="2" destino="4" descripcion="">
          <condition />
        </arista>
      </es:oldEdge>
      <es:newEdge>
        <arista xmlns="http://www.local.com/eCo/xml/Comportamiento.xsd" id="13" origen="2" destino="4" descripcion="La pelota está en mi campo y cerca del área">
          <condition>
            <aggregation aggregator="AND">
              <condition xmlns="" comparator="&lt;">
                <left type="sensor" value="fieldBallX" />
                <right type="constant" value="0" />
              </condition>
              <condition xmlns="" comparator="&lt;=">
                <left type="sensor" value="fieldBallX" />
                <right type="constant" value="–1.145" />
              </condition>
            </aggregation>
          </condition>
        </arista>
      </es:newEdge>
    </es:EditOperation>
    <es:EditOperation timestamp="20120504-15:01:19.692" repositoryPath="Soccerbots" mainBehaviour="CentrocamipistaGoleador" operationType="EDIT_EDGE" parentBehaviour="CentrocamipistaGoleador" parentId="MAIN" id="18">
      <es:oldEdge>
        <arista xmlns="http://www.local.com/eCo/xml/Comportamiento.xsd" id="18" origen="5" destino="1" descripcion="">
          <condition />
        </arista>
      </es:oldEdge>
      <es:newEdge>
        <arista xmlns="http://www.local.com/eCo/xml/Comportamiento.xsd" id="18" origen="5" destino="1" descripcion="No tengo la pelota y soy el más cercano a ella">
          <condition>
            <aggregation aggregator="AND">
              <condition xmlns="" comparator="&gt;=">
                <left type="sensor" value="getBallR" />
                <right type="constant" value="0.3" />
              </condition>
              <condition xmlns="" comparator="==">
                <left type="sensor" value="closestToBall" />
                <right type="constant" value="true" />
              </condition>
            </aggregation>
          </condition>
        </arista>
      </es:newEdge>
    </es:EditOperation>
    <es:EditOperation timestamp="20120504-15:02:08.876" repositoryPath="Soccerbots" mainBehaviour="CentrocamipistaGoleador" operationType="EDIT_EDGE" parentBehaviour="CentrocamipistaGoleador" parentId="MAIN" id="16">
      <es:oldEdge>
        <arista xmlns="http://www.local.com/eCo/xml/Comportamiento.xsd" id="16" origen="5" destino="2" descripcion="">
          <condition />
        </arista>
      </es:oldEdge>
      <es:newEdge>
        <arista xmlns="http://www.local.com/eCo/xml/Comportamiento.xsd" id="16" origen="5" destino="2" descripcion="No tengo la pelota y está en mi campo">
          <condition>
            <aggregation aggregator="AND">
              <condition xmlns="" comparator="&gt;=">
                <left type="sensor" value="getBallR" />
                <right type="constant" value="0.3" />
              </condition>
              <condition xmlns="" comparator="&lt;">
                <left type="sensor" value="fieldBallX" />
                <right type="constant" value="0" />
              </condition>
            </aggregation>
          </condition>
        </arista>
      </es:newEdge>
    </es:EditOperation>
    <es:EditOperation timestamp="20120504-15:05:56.872" repositoryPath="Soccerbots" mainBehaviour="CentrocamipistaGoleador" operationType="EDIT_EDGE" parentBehaviour="CentrocamipistaGoleador" parentId="MAIN" id="20">
      <es:oldEdge>
        <arista xmlns="http://www.local.com/eCo/xml/Comportamiento.xsd" id="20" origen="5" destino="3" descripcion="">
          <condition />
        </arista>
      </es:oldEdge>
      <es:newEdge>
        <arista xmlns="http://www.local.com/eCo/xml/Comportamiento.xsd" id="20" origen="5" destino="3" descripcion="No tengo la pelota, soy el más cercano y estoy en el campo opuesto">
          <condition>
            <aggregation aggregator="AND">
              <condition xmlns="" comparator="&gt;=">
                <left type="sensor" value="getBallR" />
                <right type="constant" value="0.3" />
              </condition>
              <condition xmlns="" comparator="==">
                <left type="sensor" value="closestToBall" />
                <right type="constant" value="true" />
              </condition>
              <condition xmlns="" comparator="&gt;">
                <left type="sensor" value="normalizedPositionX" />
                <right type="constant" value="0" />
              </condition>
            </aggregation>
          </condition>
        </arista>
      </es:newEdge>
    </es:EditOperation>
    <es:EditOperation timestamp="20120504-15:06:36.313" repositoryPath="Soccerbots" mainBehaviour="CentrocamipistaGoleador" operationType="EDIT_EDGE" parentBehaviour="CentrocamipistaGoleador" parentId="MAIN" id="10">
      <es:oldEdge>
        <arista xmlns="http://www.local.com/eCo/xml/Comportamiento.xsd" id="10" origen="1" destino="3" descripcion="Tengo la pelota y además estoy cerca de la portería (campo opuesto)">
          <condition>
            <aggregation aggregator="AND">
              <condition xmlns="" comparator="&lt;">
                <left type="sensor" value="getBallR" />
                <right type="constant" value="0.3" />
              </condition>
              <condition xmlns="" comparator="&gt;">
                <left type="sensor" value="fieldBallX" />
                <right type="constant" value="0" />
              </condition>
            </aggregation>
          </condition>
        </arista>
      </es:oldEdge>
      <es:newEdge>
        <arista xmlns="http://www.local.com/eCo/xml/Comportamiento.xsd" id="10" origen="1" destino="3" descripcion="Tengo la pelota y además estoy cerca de la portería (campo opuesto)">
          <condition>
            <aggregation aggregator="AND">
              <condition xmlns="" comparator="&lt;">
                <left type="sensor" value="getBallR" />
                <right type="constant" value="0.3" />
              </condition>
              <condition xmlns="" comparator="&gt;">
                <left type="sensor" value="normalizedPositionX" />
                <right type="constant" value="0" />
              </condition>
            </aggregation>
          </condition>
        </arista>
      </es:newEdge>
    </es:EditOperation>
    <es:EditOperation timestamp="20120504-15:11:25.428" repositoryPath="Soccerbots" mainBehaviour="CentrocamipistaGoleador" operationType="EDIT_EDGE" parentBehaviour="CentrocamipistaGoleador" parentId="MAIN" id="19">
      <es:oldEdge>
        <arista xmlns="http://www.local.com/eCo/xml/Comportamiento.xsd" id="19" origen="3" destino="5" descripcion="">
          <condition />
        </arista>
      </es:oldEdge>
      <es:newEdge>
        <arista xmlns="http://www.local.com/eCo/xml/Comportamiento.xsd" id="19" origen="3" destino="5" descripcion="Tengo la pelota y hay un oponente bloqueando portería">
          <condition>
            <aggregation aggregator="AND">
              <condition xmlns="" comparator="&lt;">
                <left type="sensor" value="getBallR" />
                <right type="constant" value="0.3" />
              </condition>
              <condition xmlns="" comparator="==">
                <left type="sensor" value="alignedToBallandGoal" />
                <right type="constant" value="false" />
              </condition>
            </aggregation>
          </condition>
        </arista>
      </es:newEdge>
    </es:EditOperation>
    <es:EditOperation timestamp="20120504-15:12:57.697" repositoryPath="Soccerbots" mainBehaviour="CentrocamipistaGoleador" operationType="EDIT_EDGE" parentBehaviour="CentrocamipistaGoleador" parentId="MAIN" id="11">
      <es:oldEdge>
        <arista xmlns="http://www.local.com/eCo/xml/Comportamiento.xsd" id="11" origen="3" destino="2" descripcion="">
          <condition />
        </arista>
      </es:oldEdge>
      <es:newEdge>
        <arista xmlns="http://www.local.com/eCo/xml/Comportamiento.xsd" id="11" origen="3" destino="2" descripcion="No tengo la pelota y está en mi campo">
          <condition>
            <aggregation aggregator="AND">
              <condition xmlns="" comparator="&gt;=">
                <left type="sensor" value="getBallR" />
                <right type="constant" value="0.3" />
              </condition>
              <condition xmlns="" comparator="&lt;">
                <left type="sensor" value="fieldBallX" />
                <right type="constant" value="0" />
              </condition>
            </aggregation>
          </condition>
        </arista>
      </es:newEdge>
    </es:EditOperation>
    <es:EditOperation timestamp="20120504-15:13:30.192" repositoryPath="Soccerbots" mainBehaviour="CentrocamipistaGoleador" operationType="EDIT_EDGE" parentBehaviour="CentrocamipistaGoleador" parentId="MAIN" id="14">
      <es:oldEdge>
        <arista xmlns="http://www.local.com/eCo/xml/Comportamiento.xsd" id="14" origen="4" destino="2" descripcion="">
          <condition />
        </arista>
      </es:oldEdge>
      <es:newEdge>
        <arista xmlns="http://www.local.com/eCo/xml/Comportamiento.xsd" id="14" origen="4" destino="2" descripcion="La pelota no está cerca del mi área">
          <condition>
            <aggregation aggregator="AND">
              <condition xmlns="" comparator="&gt;">
                <left type="sensor" value="fieldBallX" />
                <right type="constant" value="–1.145" />
              </condition>
            </aggregation>
          </condition>
        </arista>
      </es:newEdge>
    </es:EditOperation>
    <es:EditOperation timestamp="20120504-15:14:30.074" repositoryPath="Soccerbots" mainBehaviour="CentrocamipistaGoleador" operationType="EDIT_NODE" parentBehaviour="CentrocamipistaGoleador" parentId="MAIN" id="4">
      <es:oldContent>
        <compAtomico xmlns="http://www.local.com/eCo/xml/Comportamiento.xsd" nombre="Defender área" descripcion="">
          <listaPropiedades>
            <propiedad nombre="Attacker" valor="3.0" />
            <propiedad nombre="Defender" valor="2.0" />
            <propiedad nombre="Mobility" valor="4.0" />
            <propiedad nombre="Goalkeeper" valor="1.0" />
          </listaPropiedades>
          <basicBehaviour name="Block Goalkeeper" />
        </compAtomico>
      </es:oldContent>
      <es:newContent>
        <compAtomico xmlns="http://www.local.com/eCo/xml/Comportamiento.xsd" nombre="Defender área" descripcion="">
          <listaPropiedades>
            <propiedad nombre="Attacker" valor="3.0" />
            <propiedad nombre="Defender" valor="2.0" />
            <propiedad nombre="Mobility" valor="4.0" />
            <propiedad nombre="Goalkeeper" valor="1.0" />
          </listaPropiedades>
          <basicBehaviour name="Block Goalkeeper" />
        </compAtomico>
      </es:newContent>
    </es:EditOperation>
  </es:session>
  <es:session id="3" timestamp="20120504-15:20:28.005">
    <es:EditOperation timestamp="20120504-16:16:24.712" repositoryPath="Soccerbots" mainBehaviour="CentrocamipistaGoleador" operationType="EDIT_EDGE" parentBehaviour="CentrocamipistaGoleador" parentId="MAIN" id="14">
      <es:oldEdge>
        <arista xmlns="http://www.local.com/eCo/xml/Comportamiento.xsd" id="14" origen="4" destino="2" descripcion="La pelota no está cerca del mi área">
          <condition>
            <aggregation aggregator="AND">
              <condition xmlns="" comparator="&gt;">
                <left type="sensor" value="fieldBallX" />
                <right type="constant" value="–1.145" />
              </condition>
            </aggregation>
          </condition>
        </arista>
      </es:oldEdge>
      <es:newEdge>
        <arista xmlns="http://www.local.com/eCo/xml/Comportamiento.xsd" id="14" origen="4" destino="2" descripcion="La pelota no está cerca del mi área">
          <condition>
            <aggregation aggregator="AND">
              <condition xmlns="" comparator="&gt;">
                <left type="sensor" value="fieldBallX" />
                <right type="constant" value="-1.145" />
              </condition>
            </aggregation>
          </condition>
        </arista>
      </es:newEdge>
    </es:EditOperation>
    <es:EditOperation timestamp="20120504-16:25:22.591" repositoryPath="Soccerbots" mainBehaviour="CentrocamipistaGoleador" operationType="EDIT_EDGE" parentBehaviour="CentrocamipistaGoleador" parentId="MAIN" id="13">
      <es:oldEdge>
        <arista xmlns="http://www.local.com/eCo/xml/Comportamiento.xsd" id="13" origen="2" destino="4" descripcion="La pelota está en mi campo y cerca del área">
          <condition>
            <aggregation aggregator="AND">
              <condition xmlns="" comparator="&lt;">
                <left type="sensor" value="fieldBallX" />
                <right type="constant" value="0" />
              </condition>
              <condition xmlns="" comparator="&lt;=">
                <left type="sensor" value="fieldBallX" />
                <right type="constant" value="–1.145" />
              </condition>
            </aggregation>
          </condition>
        </arista>
      </es:oldEdge>
      <es:newEdge>
        <arista xmlns="http://www.local.com/eCo/xml/Comportamiento.xsd" id="13" origen="2" destino="4" descripcion="La pelota está en mi campo y cerca del área">
          <condition>
            <aggregation aggregator="AND">
              <condition xmlns="" comparator="&lt;">
                <left type="sensor" value="fieldBallX" />
                <right type="constant" value="0" />
              </condition>
              <condition xmlns="" comparator="&lt;=">
                <left type="sensor" value="fieldBallX" />
                <right type="constant" value="-1.145" />
              </condition>
            </aggregation>
          </condition>
        </arista>
      </es:newEdge>
    </es:EditOperation>
  </es:session>
  <es:session id="4" timestamp="20120504-16:48:35.128" />
</es:editSequence>

