<?xml version="1.0" encoding="UTF-8"?>
<es:editSequence xmlns:es="http://www.local.com/eCo/xml/EditSequence.xsd" onSave="true">
  <es:session id="1" timestamp="20120504-15:20:11.140">
    <es:EditOperation timestamp="20120504-15:20:37.426" repositoryPath="Soccerbots" mainBehaviour="CentrocampistaPasivo" operationType="ADD_NODE" parentBehaviour="CentrocampistaPasivo" parentId="MAIN" id="1" />
    <es:EditOperation timestamp="20120504-15:20:47.883" repositoryPath="Soccerbots" mainBehaviour="CentrocampistaPasivo" operationType="ADD_NODE" parentBehaviour="CentrocampistaPasivo" parentId="MAIN" id="2" />
    <es:EditOperation timestamp="20120504-15:20:49.306" repositoryPath="Soccerbots" mainBehaviour="CentrocampistaPasivo" operationType="ADD_NODE" parentBehaviour="CentrocampistaPasivo" parentId="MAIN" id="3" />
    <es:EditOperation timestamp="20120504-15:20:50.340" repositoryPath="Soccerbots" mainBehaviour="CentrocampistaPasivo" operationType="ADD_NODE" parentBehaviour="CentrocampistaPasivo" parentId="MAIN" id="4" />
    <es:EditOperation timestamp="20120504-15:20:51.144" repositoryPath="Soccerbots" mainBehaviour="CentrocampistaPasivo" operationType="ADD_NODE" parentBehaviour="CentrocampistaPasivo" parentId="MAIN" id="5" />
  </es:session>
  <es:session id="2" timestamp="20120504-15:21:56.396">
    <es:EditOperation timestamp="20120504-15:22:39.069" repositoryPath="Soccerbots" mainBehaviour="CentrocampistaPasivo" operationType="EDIT_NODE" parentBehaviour="CentrocampistaPasivo" parentId="MAIN" id="1">
      <es:oldContent />
      <es:newContent>
        <compAtomico xmlns="http://www.local.com/eCo/xml/Comportamiento.xsd" nombre="Ir pos centro" descripcion="Se dirige al centro del campo">
          <listaPropiedades>
            <propiedad nombre="Defender" valor="2.0" />
            <propiedad nombre="Attacker" valor="3.0" />
            <propiedad nombre="Mobility" valor="4.0" />
            <propiedad nombre="Goalkeeper" valor="1.0" />
          </listaPropiedades>
          <basicBehaviour name="Go To Center" />
        </compAtomico>
      </es:newContent>
    </es:EditOperation>
    <es:EditOperation timestamp="20120504-15:22:55.362" repositoryPath="Soccerbots" mainBehaviour="CentrocampistaPasivo" operationType="EDIT_NODE" parentBehaviour="CentrocampistaPasivo" parentId="MAIN" id="2">
      <es:oldContent />
      <es:newContent>
        <compAtomico xmlns="http://www.local.com/eCo/xml/Comportamiento.xsd" nombre="Esperar" descripcion="Se queda a la espera">
          <listaPropiedades>
            <propiedad nombre="Defender" valor="2.0" />
            <propiedad nombre="Attacker" valor="3.0" />
            <propiedad nombre="Mobility" valor="4.0" />
            <propiedad nombre="Goalkeeper" valor="1.0" />
          </listaPropiedades>
          <basicBehaviour name="Wait" />
        </compAtomico>
      </es:newContent>
    </es:EditOperation>
    <es:EditOperation timestamp="20120504-15:23:19.784" repositoryPath="Soccerbots" mainBehaviour="CentrocampistaPasivo" operationType="EDIT_NODE" parentBehaviour="CentrocampistaPasivo" parentId="MAIN" id="3">
      <es:oldContent />
      <es:newContent>
        <compAtomico xmlns="http://www.local.com/eCo/xml/Comportamiento.xsd" nombre="Ir a la pelota" descripcion="Se dirige a la pelota">
          <listaPropiedades>
            <propiedad nombre="Defender" valor="2.0" />
            <propiedad nombre="Attacker" valor="3.0" />
            <propiedad nombre="Mobility" valor="4.0" />
            <propiedad nombre="Goalkeeper" valor="1.0" />
          </listaPropiedades>
          <basicBehaviour name="Ir a la pelota" />
        </compAtomico>
      </es:newContent>
    </es:EditOperation>
    <es:EditOperation timestamp="20120504-15:41:34.946" repositoryPath="Soccerbots" mainBehaviour="CentrocampistaPasivo" operationType="EDIT_NODE" parentBehaviour="CentrocampistaPasivo" parentId="MAIN" id="5">
      <es:oldContent />
      <es:newContent>
        <compAtomico xmlns="http://www.local.com/eCo/xml/Comportamiento.xsd" nombre="Bloquear centro" descripcion="Bloquea al oponente situado en el centro del campo que lleva la pelota">
          <listaPropiedades>
            <propiedad nombre="Defender" valor="2.0" />
            <propiedad nombre="Attacker" valor="3.0" />
            <propiedad nombre="Mobility" valor="4.0" />
            <propiedad nombre="Goalkeeper" valor="1.0" />
          </listaPropiedades>
          <basicBehaviour name="Bloquear centro" />
        </compAtomico>
      </es:newContent>
    </es:EditOperation>
    <es:EditOperation timestamp="20120504-15:42:27.045" repositoryPath="Soccerbots" mainBehaviour="CentrocampistaPasivo" operationType="EDIT_NODE" parentBehaviour="CentrocampistaPasivo" parentId="MAIN" id="4">
      <es:oldContent />
      <es:newContent>
        <compCompuesto xmlns="http://www.local.com/eCo/xml/Comportamiento.xsd" nombre="Adelantarse y pasar" descripcion="Adelantarse y pasar.">
          <listaPropiedades>
            <propiedad nombre="Defender" valor="2.0" />
            <propiedad nombre="Attacker" valor="3.0" />
            <propiedad nombre="Mobility" valor="4.0" />
            <propiedad nombre="Goalkeeper" valor="1.0" />
          </listaPropiedades>
          <nodos />
        </compCompuesto>
      </es:newContent>
    </es:EditOperation>
    <es:EditOperation timestamp="20120504-15:42:52.516" repositoryPath="Soccerbots" mainBehaviour="CentrocampistaPasivo" operationType="ADD_NODE" parentBehaviour="Adelantarse y pasar" parentId="4" id="6" />
    <es:EditOperation timestamp="20120504-15:42:54.726" repositoryPath="Soccerbots" mainBehaviour="CentrocampistaPasivo" operationType="ADD_NODE" parentBehaviour="Adelantarse y pasar" parentId="4" id="7" />
    <es:EditOperation timestamp="20120504-15:42:55.714" repositoryPath="Soccerbots" mainBehaviour="CentrocampistaPasivo" operationType="ADD_NODE" parentBehaviour="Adelantarse y pasar" parentId="4" id="8" />
    <es:EditOperation timestamp="20120504-15:42:57.045" repositoryPath="Soccerbots" mainBehaviour="CentrocampistaPasivo" operationType="ADD_NODE" parentBehaviour="Adelantarse y pasar" parentId="4" id="9" />
    <es:CompoundOperation operationType="COMPOUNDEDIT" description="eliminar nodo">
      <es:EditOperation timestamp="20120504-15:43:08.074" repositoryPath="Soccerbots" mainBehaviour="CentrocampistaPasivo" operationType="REMOVE_NODE" parentBehaviour="Adelantarse y pasar" parentId="4" id="7" />
    </es:CompoundOperation>
    <es:EditOperation timestamp="20120504-15:44:47.046" repositoryPath="Soccerbots" mainBehaviour="CentrocampistaPasivo" operationType="EDIT_NODE" parentBehaviour="Adelantarse y pasar" parentId="4" id="6">
      <es:oldContent />
      <es:newContent>
        <compAtomico xmlns="http://www.local.com/eCo/xml/Comportamiento.xsd" nombre="Ir a portería contraria" descripcion="">
          <listaPropiedades>
            <propiedad nombre="Defender" valor="2.0" />
            <propiedad nombre="Attacker" valor="3.0" />
            <propiedad nombre="Mobility" valor="4.0" />
            <propiedad nombre="Goalkeeper" valor="1.0" />
          </listaPropiedades>
          <basicBehaviour name="Ir a portería contraria" />
        </compAtomico>
      </es:newContent>
    </es:EditOperation>
  </es:session>
  <es:session id="3" timestamp="20120504-15:45:15.821">
    <es:EditOperation timestamp="20120504-15:45:32.288" repositoryPath="Soccerbots" mainBehaviour="CentrocampistaPasivo" operationType="EDIT_NODE" parentBehaviour="Adelantarse y pasar" parentId="4" id="8">
      <es:oldContent />
      <es:newContent>
        <compAtomico xmlns="http://www.local.com/eCo/xml/Comportamiento.xsd" nombre="Pasar" descripcion="">
          <listaPropiedades>
            <propiedad nombre="Defender" valor="2.0" />
            <propiedad nombre="Attacker" valor="3.0" />
            <propiedad nombre="Mobility" valor="4.0" />
            <propiedad nombre="Goalkeeper" valor="1.0" />
          </listaPropiedades>
          <basicBehaviour name="Pasar" />
        </compAtomico>
      </es:newContent>
    </es:EditOperation>
    <es:EditOperation timestamp="20120504-15:45:46.379" repositoryPath="Soccerbots" mainBehaviour="CentrocampistaPasivo" operationType="EDIT_NODE" parentBehaviour="Adelantarse y pasar" parentId="4" id="9">
      <es:oldContent />
      <es:newContent>
        <compAtomico xmlns="http://www.local.com/eCo/xml/Comportamiento.xsd" nombre="Patear" descripcion="">
          <listaPropiedades>
            <propiedad nombre="Defender" valor="2.0" />
            <propiedad nombre="Attacker" valor="3.0" />
            <propiedad nombre="Mobility" valor="4.0" />
            <propiedad nombre="Goalkeeper" valor="1.0" />
          </listaPropiedades>
          <basicBehaviour name="Patear" />
        </compAtomico>
      </es:newContent>
    </es:EditOperation>
    <es:EditOperation timestamp="20120504-15:45:54.108" repositoryPath="Soccerbots" mainBehaviour="CentrocampistaPasivo" operationType="ADD_EDGE" parentBehaviour="Adelantarse y pasar" parentId="4" id="10" from="6" to="8" />
    <es:EditOperation timestamp="20120504-15:46:03.384" repositoryPath="Soccerbots" mainBehaviour="CentrocampistaPasivo" operationType="ADD_EDGE" parentBehaviour="Adelantarse y pasar" parentId="4" id="11" from="6" to="9" />
    <es:EditOperation timestamp="20120504-15:46:55.548" repositoryPath="Soccerbots" mainBehaviour="CentrocampistaPasivo" operationType="EDIT_EDGE" parentBehaviour="Adelantarse y pasar" parentId="4" id="10">
      <es:oldEdge>
        <arista xmlns="http://www.local.com/eCo/xml/Comportamiento.xsd" id="10" origen="6" destino="8" descripcion="">
          <condition />
        </arista>
      </es:oldEdge>
      <es:newEdge>
        <arista xmlns="http://www.local.com/eCo/xml/Comportamiento.xsd" id="10" origen="6" destino="8" descripcion="Jugador contrario cerca">
          <condition>
            <aggregation aggregator="AND">
              <condition xmlns="" comparator="&lt;=">
                <left type="sensor" value="getClosestOpponentR" />
                <right type="constant" value="0.5" />
              </condition>
            </aggregation>
          </condition>
        </arista>
      </es:newEdge>
    </es:EditOperation>
  </es:session>
  <es:session id="4" timestamp="20120504-15:49:06.760">
    <es:EditOperation timestamp="20120504-15:49:48.182" repositoryPath="Soccerbots" mainBehaviour="CentrocampistaPasivo" operationType="EDIT_NODE" parentBehaviour="Adelantarse y pasar" parentId="4" id="9">
      <es:oldContent>
        <compAtomico xmlns="http://www.local.com/eCo/xml/Comportamiento.xsd" nombre="Patear" descripcion="">
          <listaPropiedades>
            <propiedad nombre="Defender" valor="2.0" />
            <propiedad nombre="Attacker" valor="3.0" />
            <propiedad nombre="Mobility" valor="4.0" />
            <propiedad nombre="Goalkeeper" valor="1.0" />
          </listaPropiedades>
          <basicBehaviour name="Patear" />
        </compAtomico>
      </es:oldContent>
      <es:newContent>
        <compAtomico xmlns="http://www.local.com/eCo/xml/Comportamiento.xsd" nombre="Meter gol" descripcion="">
          <listaPropiedades>
            <propiedad nombre="Defender" valor="2.0" />
            <propiedad nombre="Attacker" valor="3.0" />
            <propiedad nombre="Mobility" valor="4.0" />
            <propiedad nombre="Goalkeeper" valor="1.0" />
          </listaPropiedades>
          <basicBehaviour name="Lead Ball To Goal" />
        </compAtomico>
      </es:newContent>
    </es:EditOperation>
    <es:EditOperation timestamp="20120504-15:50:38.229" repositoryPath="Soccerbots" mainBehaviour="CentrocampistaPasivo" operationType="ADD_EDGE" parentBehaviour="Adelantarse y pasar" parentId="4" id="12" from="9" to="8" />
    <es:CompoundOperation operationType="COMPOUNDEDIT" description="eliminar arista">
      <es:EditOperation timestamp="20120504-15:51:12.436" repositoryPath="Soccerbots" mainBehaviour="CentrocampistaPasivo" operationType="REMOVE_EDGE" parentBehaviour="Adelantarse y pasar" parentId="4" id="12" />
    </es:CompoundOperation>
    <es:CompoundOperation operationType="COMPOUNDEDIT" description="eliminar nodo">
      <es:EditOperation timestamp="20120504-15:54:56.630" repositoryPath="Soccerbots" mainBehaviour="CentrocampistaPasivo" operationType="REMOVE_NODE" parentBehaviour="CentrocampistaPasivo" parentId="MAIN" id="4" />
    </es:CompoundOperation>
    <es:EditOperation timestamp="20120504-15:54:59.822" repositoryPath="Soccerbots" mainBehaviour="CentrocampistaPasivo" operationType="ADD_NODE" parentBehaviour="CentrocampistaPasivo" parentId="MAIN" id="13" />
    <es:EditOperation timestamp="20120504-15:55:00.319" repositoryPath="Soccerbots" mainBehaviour="CentrocampistaPasivo" operationType="ADD_NODE" parentBehaviour="CentrocampistaPasivo" parentId="MAIN" id="14" />
    <es:CompoundOperation operationType="COMPOUNDEDIT" description="eliminar nodo">
      <es:EditOperation timestamp="20120504-15:55:05.814" repositoryPath="Soccerbots" mainBehaviour="CentrocampistaPasivo" operationType="REMOVE_NODE" parentBehaviour="CentrocampistaPasivo" parentId="MAIN" id="14" />
    </es:CompoundOperation>
    <es:EditOperation timestamp="20120504-15:55:18.591" repositoryPath="Soccerbots" mainBehaviour="CentrocampistaPasivo" operationType="EDIT_NODE" parentBehaviour="CentrocampistaPasivo" parentId="MAIN" id="13">
      <es:oldContent />
      <es:newContent>
        <compAtomico xmlns="http://www.local.com/eCo/xml/Comportamiento.xsd" nombre="Tirar si gol" descripcion="">
          <listaPropiedades>
            <propiedad nombre="Defender" valor="2.0" />
            <propiedad nombre="Attacker" valor="3.0" />
            <propiedad nombre="Mobility" valor="4.0" />
            <propiedad nombre="Goalkeeper" valor="1.0" />
          </listaPropiedades>
          <basicBehaviour name="Tirar si gol" />
        </compAtomico>
      </es:newContent>
    </es:EditOperation>
    <es:EditOperation timestamp="20120504-15:55:41.644" repositoryPath="Soccerbots" mainBehaviour="CentrocampistaPasivo" operationType="ADD_EDGE" parentBehaviour="CentrocampistaPasivo" parentId="MAIN" id="15" from="1" to="2" />
    <es:EditOperation timestamp="20120504-15:56:50.654" repositoryPath="Soccerbots" mainBehaviour="CentrocampistaPasivo" operationType="EDIT_EDGE" parentBehaviour="CentrocampistaPasivo" parentId="MAIN" id="15">
      <es:oldEdge>
        <arista xmlns="http://www.local.com/eCo/xml/Comportamiento.xsd" id="15" origen="1" destino="2" descripcion="">
          <condition />
        </arista>
      </es:oldEdge>
      <es:newEdge>
        <arista xmlns="http://www.local.com/eCo/xml/Comportamiento.xsd" id="15" origen="1" destino="2" descripcion="He llegado al centro">
          <condition>
            <aggregation aggregator="AND">
              <condition xmlns="" comparator="==">
                <left type="sensor" value="normalizedPositionX" />
                <right type="constant" value="0" />
              </condition>
              <condition xmlns="" comparator="==">
                <left type="sensor" value="getPositionY" />
                <right type="constant" value="0" />
              </condition>
            </aggregation>
          </condition>
        </arista>
      </es:newEdge>
    </es:EditOperation>
    <es:EditOperation timestamp="20120504-15:57:09.529" repositoryPath="Soccerbots" mainBehaviour="CentrocampistaPasivo" operationType="ADD_EDGE" parentBehaviour="CentrocampistaPasivo" parentId="MAIN" id="16" from="2" to="3" />
    <es:EditOperation timestamp="20120504-15:59:18.190" repositoryPath="Soccerbots" mainBehaviour="CentrocampistaPasivo" operationType="EDIT_EDGE" parentBehaviour="CentrocampistaPasivo" parentId="MAIN" id="16">
      <es:oldEdge>
        <arista xmlns="http://www.local.com/eCo/xml/Comportamiento.xsd" id="16" origen="2" destino="3" descripcion="">
          <condition />
        </arista>
      </es:oldEdge>
      <es:newEdge>
        <arista xmlns="http://www.local.com/eCo/xml/Comportamiento.xsd" id="16" origen="2" destino="3" descripcion="">
          <condition>
            <aggregation aggregator="AND">
              <aggregation aggregator="AND">
                <condition xmlns="" comparator="&gt;">
                  <left type="sensor" value="fieldBallX" />
                  <right type="constant" value="-0.7" />
                </condition>
                <condition xmlns="" comparator="&lt;">
                  <left type="sensor" value="fieldBallX" />
                  <right type="constant" value="0.7" />
                </condition>
              </aggregation>
            </aggregation>
          </condition>
        </arista>
      </es:newEdge>
    </es:EditOperation>
    <es:EditOperation timestamp="20120504-15:59:38.285" repositoryPath="Soccerbots" mainBehaviour="CentrocampistaPasivo" operationType="EDIT_EDGE" parentBehaviour="CentrocampistaPasivo" parentId="MAIN" id="16">
      <es:oldEdge>
        <arista xmlns="http://www.local.com/eCo/xml/Comportamiento.xsd" id="16" origen="2" destino="3" descripcion="">
          <condition>
            <aggregation aggregator="AND">
              <aggregation aggregator="AND">
                <condition xmlns="" comparator="&gt;">
                  <left type="sensor" value="fieldBallX" />
                  <right type="constant" value="-0.7" />
                </condition>
                <condition xmlns="" comparator="&lt;">
                  <left type="sensor" value="fieldBallX" />
                  <right type="constant" value="0.7" />
                </condition>
              </aggregation>
            </aggregation>
          </condition>
        </arista>
      </es:oldEdge>
      <es:newEdge>
        <arista xmlns="http://www.local.com/eCo/xml/Comportamiento.xsd" id="16" origen="2" destino="3" descripcion="Aparece la pelota en el centro del campo">
          <condition>
            <aggregation aggregator="AND">
              <aggregation aggregator="AND">
                <condition xmlns="" comparator="&gt;">
                  <left type="sensor" value="fieldBallX" />
                  <right type="constant" value="-0.7" />
                </condition>
                <condition xmlns="" comparator="&lt;">
                  <left type="sensor" value="fieldBallX" />
                  <right type="constant" value="0.7" />
                </condition>
              </aggregation>
            </aggregation>
          </condition>
        </arista>
      </es:newEdge>
    </es:EditOperation>
  </es:session>
  <es:session id="5" timestamp="20120504-16:09:50.072">
    <es:EditOperation timestamp="20120504-16:29:08.004" repositoryPath="Soccerbots" mainBehaviour="CentrocampistaPasivo" operationType="ADD_EDGE" parentBehaviour="CentrocampistaPasivo" parentId="MAIN" id="17" from="2" to="5" />
    <es:EditOperation timestamp="20120504-16:32:04.877" repositoryPath="Soccerbots" mainBehaviour="CentrocampistaPasivo" operationType="EDIT_EDGE" parentBehaviour="CentrocampistaPasivo" parentId="MAIN" id="16">
      <es:oldEdge>
        <arista xmlns="http://www.local.com/eCo/xml/Comportamiento.xsd" id="16" origen="2" destino="3" descripcion="Aparece la pelota en el centro del campo">
          <condition>
            <aggregation aggregator="AND">
              <aggregation aggregator="AND">
                <condition xmlns="" comparator="&gt;">
                  <left type="sensor" value="fieldBallX" />
                  <right type="constant" value="-0.7" />
                </condition>
                <condition xmlns="" comparator="&lt;">
                  <left type="sensor" value="fieldBallX" />
                  <right type="constant" value="0.7" />
                </condition>
              </aggregation>
            </aggregation>
          </condition>
        </arista>
      </es:oldEdge>
      <es:newEdge>
        <arista xmlns="http://www.local.com/eCo/xml/Comportamiento.xsd" id="16" origen="2" destino="3" descripcion="Aparece la pelota en el centro del campo">
          <condition>
            <aggregation aggregator="AND">
              <aggregation aggregator="AND">
                <condition xmlns="" comparator="&gt;">
                  <left type="sensor" value="fieldBallX" />
                  <right type="constant" value="-0.7" />
                </condition>
                <condition xmlns="" comparator="&lt;">
                  <left type="sensor" value="fieldBallX" />
                  <right type="constant" value="0.7" />
                </condition>
              </aggregation>
              <condition xmlns="" comparator="==">
                <left type="sensor" value="closestToBall" />
                <right type="constant" value="true" />
              </condition>
            </aggregation>
          </condition>
        </arista>
      </es:newEdge>
    </es:EditOperation>
    <es:EditOperation timestamp="20120504-16:33:44.967" repositoryPath="Soccerbots" mainBehaviour="CentrocampistaPasivo" operationType="EDIT_EDGE" parentBehaviour="CentrocampistaPasivo" parentId="MAIN" id="17">
      <es:oldEdge>
        <arista xmlns="http://www.local.com/eCo/xml/Comportamiento.xsd" id="17" origen="2" destino="5" descripcion="">
          <condition />
        </arista>
      </es:oldEdge>
      <es:newEdge>
        <arista xmlns="http://www.local.com/eCo/xml/Comportamiento.xsd" id="17" origen="2" destino="5" descripcion="Bloqueamos al jugador que se encuentre por el centro del campo">
          <condition>
            <aggregation aggregator="AND">
              <condition xmlns="" comparator="==">
                <left type="sensor" value="closestToBall" />
                <right type="constant" value="true" />
              </condition>
              <aggregation aggregator="AND">
                <condition xmlns="" comparator="&gt;=">
                  <left type="sensor" value="fieldBallX" />
                  <right type="constant" value="-0.7" />
                </condition>
                <condition xmlns="" comparator="&lt;=">
                  <left type="sensor" value="fieldBallX" />
                  <right type="constant" value="0.7" />
                </condition>
              </aggregation>
            </aggregation>
          </condition>
        </arista>
      </es:newEdge>
    </es:EditOperation>
    <es:EditOperation timestamp="20120504-16:34:19.255" repositoryPath="Soccerbots" mainBehaviour="CentrocampistaPasivo" operationType="ADD_EDGE" parentBehaviour="CentrocampistaPasivo" parentId="MAIN" id="18" from="13" to="1" />
    <es:EditOperation timestamp="20120504-16:34:22.469" repositoryPath="Soccerbots" mainBehaviour="CentrocampistaPasivo" operationType="ADD_EDGE" parentBehaviour="CentrocampistaPasivo" parentId="MAIN" id="19" from="3" to="13" />
    <es:EditOperation timestamp="20120504-16:34:26.634" repositoryPath="Soccerbots" mainBehaviour="CentrocampistaPasivo" operationType="ADD_EDGE" parentBehaviour="CentrocampistaPasivo" parentId="MAIN" id="20" from="3" to="5" />
    <es:EditOperation timestamp="20120504-16:34:34.575" repositoryPath="Soccerbots" mainBehaviour="CentrocampistaPasivo" operationType="ADD_EDGE" parentBehaviour="CentrocampistaPasivo" parentId="MAIN" id="21" from="5" to="1" />
    <es:EditOperation timestamp="20120504-16:35:57.816" repositoryPath="Soccerbots" mainBehaviour="CentrocampistaPasivo" operationType="EDIT_EDGE" parentBehaviour="CentrocampistaPasivo" parentId="MAIN" id="20">
      <es:oldEdge>
        <arista xmlns="http://www.local.com/eCo/xml/Comportamiento.xsd" id="20" origen="3" destino="5" descripcion="">
          <condition />
        </arista>
      </es:oldEdge>
      <es:newEdge>
        <arista xmlns="http://www.local.com/eCo/xml/Comportamiento.xsd" id="20" origen="3" destino="5" descripcion="He perdido la pelota o la ha cogido alguien de mi equipo">
          <condition>
            <aggregation aggregator="AND">
              <condition xmlns="" comparator="&gt;">
                <left type="sensor" value="getBallR" />
                <right type="constant" value="0.3" />
              </condition>
            </aggregation>
          </condition>
        </arista>
      </es:newEdge>
    </es:EditOperation>
    <es:EditOperation timestamp="20120504-16:36:44.679" repositoryPath="Soccerbots" mainBehaviour="CentrocampistaPasivo" operationType="EDIT_EDGE" parentBehaviour="CentrocampistaPasivo" parentId="MAIN" id="19">
      <es:oldEdge>
        <arista xmlns="http://www.local.com/eCo/xml/Comportamiento.xsd" id="19" origen="3" destino="13" descripcion="">
          <condition />
        </arista>
      </es:oldEdge>
      <es:newEdge>
        <arista xmlns="http://www.local.com/eCo/xml/Comportamiento.xsd" id="19" origen="3" destino="13" descripcion="">
          <condition>
            <aggregation aggregator="AND" />
          </condition>
        </arista>
      </es:newEdge>
    </es:EditOperation>
    <es:EditOperation timestamp="20120504-16:37:29.623" repositoryPath="Soccerbots" mainBehaviour="CentrocampistaPasivo" operationType="EDIT_EDGE" parentBehaviour="CentrocampistaPasivo" parentId="MAIN" id="19">
      <es:oldEdge>
        <arista xmlns="http://www.local.com/eCo/xml/Comportamiento.xsd" id="19" origen="3" destino="13" descripcion="">
          <condition>
            <aggregation aggregator="AND" />
          </condition>
        </arista>
      </es:oldEdge>
      <es:newEdge>
        <arista xmlns="http://www.local.com/eCo/xml/Comportamiento.xsd" id="19" origen="3" destino="13" descripcion="Si tengo la pelota">
          <condition>
            <aggregation aggregator="AND">
              <condition xmlns="" comparator="&lt;=">
                <left type="sensor" value="getBallR" />
                <right type="constant" value="0.3" />
              </condition>
            </aggregation>
          </condition>
        </arista>
      </es:newEdge>
    </es:EditOperation>
    <es:EditOperation timestamp="20120504-16:37:50.870" repositoryPath="Soccerbots" mainBehaviour="CentrocampistaPasivo" operationType="EDIT_EDGE" parentBehaviour="CentrocampistaPasivo" parentId="MAIN" id="18">
      <es:oldEdge>
        <arista xmlns="http://www.local.com/eCo/xml/Comportamiento.xsd" id="18" origen="13" destino="1" descripcion="">
          <condition />
        </arista>
      </es:oldEdge>
      <es:newEdge>
        <arista xmlns="http://www.local.com/eCo/xml/Comportamiento.xsd" id="18" origen="13" destino="1" descripcion="Al terminar la accion">
          <condition>
            <aggregation aggregator="AND" />
          </condition>
        </arista>
      </es:newEdge>
    </es:EditOperation>
    <es:EditOperation timestamp="20120504-16:37:55.955" repositoryPath="Soccerbots" mainBehaviour="CentrocampistaPasivo" operationType="EDIT_NODE" parentBehaviour="CentrocampistaPasivo" parentId="MAIN" id="13">
      <es:oldContent>
        <compAtomico xmlns="http://www.local.com/eCo/xml/Comportamiento.xsd" nombre="Tirar si gol" descripcion="">
          <listaPropiedades>
            <propiedad nombre="Attacker" valor="3.0" />
            <propiedad nombre="Defender" valor="2.0" />
            <propiedad nombre="Mobility" valor="4.0" />
            <propiedad nombre="Goalkeeper" valor="1.0" />
          </listaPropiedades>
          <basicBehaviour name="Tirar si gol" />
        </compAtomico>
      </es:oldContent>
      <es:newContent>
        <compAtomico xmlns="http://www.local.com/eCo/xml/Comportamiento.xsd" nombre="Tirar si gol" descripcion="">
          <listaPropiedades>
            <propiedad nombre="Attacker" valor="3.0" />
            <propiedad nombre="Defender" valor="2.0" />
            <propiedad nombre="Mobility" valor="4.0" />
            <propiedad nombre="Goalkeeper" valor="1.0" />
          </listaPropiedades>
          <basicBehaviour name="Tirar si gol" />
        </compAtomico>
      </es:newContent>
    </es:EditOperation>
    <es:EditOperation timestamp="20120504-16:38:37.920" repositoryPath="Soccerbots" mainBehaviour="CentrocampistaPasivo" operationType="EDIT_EDGE" parentBehaviour="CentrocampistaPasivo" parentId="MAIN" id="18">
      <es:oldEdge>
        <arista xmlns="http://www.local.com/eCo/xml/Comportamiento.xsd" id="18" origen="13" destino="1" descripcion="Al terminar la accion">
          <condition>
            <aggregation aggregator="AND" />
          </condition>
        </arista>
      </es:oldEdge>
      <es:newEdge>
        <arista xmlns="http://www.local.com/eCo/xml/Comportamiento.xsd" id="18" origen="13" destino="1" descripcion="Al terminar la accion o perder la pelota">
          <condition>
            <aggregation aggregator="AND">
              <condition xmlns="" comparator="&gt;">
                <left type="sensor" value="getBallR" />
                <right type="constant" value="0.3" />
              </condition>
            </aggregation>
          </condition>
        </arista>
      </es:newEdge>
    </es:EditOperation>
    <es:EditOperation timestamp="20120504-16:40:25.638" repositoryPath="Soccerbots" mainBehaviour="CentrocampistaPasivo" operationType="EDIT_EDGE" parentBehaviour="CentrocampistaPasivo" parentId="MAIN" id="21">
      <es:oldEdge>
        <arista xmlns="http://www.local.com/eCo/xml/Comportamiento.xsd" id="21" origen="5" destino="1" descripcion="">
          <condition />
        </arista>
      </es:oldEdge>
      <es:newEdge>
        <arista xmlns="http://www.local.com/eCo/xml/Comportamiento.xsd" id="21" origen="5" destino="1" descripcion="Si la pelota sale del área del centro">
          <condition>
            <aggregation aggregator="AND">
              <aggregation aggregator="AND">
                <condition xmlns="" comparator="&lt;=">
                  <left type="sensor" value="fieldBallX" />
                  <right type="constant" value="-0.7" />
                </condition>
                <condition xmlns="" comparator="&gt;=">
                  <left type="sensor" value="fieldBallX" />
                  <right type="constant" value="0.7" />
                </condition>
              </aggregation>
            </aggregation>
          </condition>
        </arista>
      </es:newEdge>
    </es:EditOperation>
    <es:EditOperation timestamp="20120504-16:43:46.968" repositoryPath="Soccerbots" mainBehaviour="CentrocampistaPasivo" operationType="EDIT_NODE" parentBehaviour="CentrocampistaPasivo" parentId="MAIN" id="5">
      <es:oldContent>
        <compAtomico xmlns="http://www.local.com/eCo/xml/Comportamiento.xsd" nombre="Bloquear centro" descripcion="Bloquea al oponente situado en el centro del campo que lleva la pelota">
          <listaPropiedades>
            <propiedad nombre="Attacker" valor="3.0" />
            <propiedad nombre="Defender" valor="2.0" />
            <propiedad nombre="Mobility" valor="4.0" />
            <propiedad nombre="Goalkeeper" valor="1.0" />
          </listaPropiedades>
          <basicBehaviour name="Bloquear centro" />
        </compAtomico>
      </es:oldContent>
      <es:newContent>
        <compAtomico xmlns="http://www.local.com/eCo/xml/Comportamiento.xsd" nombre="Bloquear centro" descripcion="Bloquea al oponente situado en el centro del campo que lleva la pelota">
          <listaPropiedades>
            <propiedad nombre="Attacker" valor="3.0" />
            <propiedad nombre="Defender" valor="2.0" />
            <propiedad nombre="Mobility" valor="4.0" />
            <propiedad nombre="Goalkeeper" valor="1.0" />
          </listaPropiedades>
          <basicBehaviour name="Bloquear centro" />
        </compAtomico>
      </es:newContent>
    </es:EditOperation>
    <es:EditOperation timestamp="20120504-16:43:57.342" repositoryPath="Soccerbots" mainBehaviour="CentrocampistaPasivo" operationType="EDIT_NODE" parentBehaviour="CentrocampistaPasivo" parentId="MAIN" id="3">
      <es:oldContent>
        <compAtomico xmlns="http://www.local.com/eCo/xml/Comportamiento.xsd" nombre="Ir a la pelota" descripcion="Se dirige a la pelota">
          <listaPropiedades>
            <propiedad nombre="Attacker" valor="3.0" />
            <propiedad nombre="Defender" valor="2.0" />
            <propiedad nombre="Mobility" valor="4.0" />
            <propiedad nombre="Goalkeeper" valor="1.0" />
          </listaPropiedades>
          <basicBehaviour name="Ir a la pelota" />
        </compAtomico>
      </es:oldContent>
      <es:newContent>
        <compAtomico xmlns="http://www.local.com/eCo/xml/Comportamiento.xsd" nombre="Ir a la pelota" descripcion="Se dirige a la pelota">
          <listaPropiedades>
            <propiedad nombre="Attacker" valor="3.0" />
            <propiedad nombre="Defender" valor="2.0" />
            <propiedad nombre="Mobility" valor="4.0" />
            <propiedad nombre="Goalkeeper" valor="1.0" />
          </listaPropiedades>
          <basicBehaviour name="Ir a la pelota" />
        </compAtomico>
      </es:newContent>
    </es:EditOperation>
    <es:EditOperation timestamp="20120504-16:44:51.740" repositoryPath="Soccerbots" mainBehaviour="CentrocampistaPasivo" operationType="EDIT_EDGE" parentBehaviour="CentrocampistaPasivo" parentId="MAIN" id="17">
      <es:oldEdge>
        <arista xmlns="http://www.local.com/eCo/xml/Comportamiento.xsd" id="17" origen="2" destino="5" descripcion="Bloqueamos al jugador que se encuentre por el centro del campo">
          <condition>
            <aggregation aggregator="AND">
              <condition xmlns="" comparator="==">
                <left type="sensor" value="closestToBall" />
                <right type="constant" value="true" />
              </condition>
              <aggregation aggregator="AND">
                <condition xmlns="" comparator="&gt;=">
                  <left type="sensor" value="fieldBallX" />
                  <right type="constant" value="-0.7" />
                </condition>
                <condition xmlns="" comparator="&lt;=">
                  <left type="sensor" value="fieldBallX" />
                  <right type="constant" value="0.7" />
                </condition>
              </aggregation>
            </aggregation>
          </condition>
        </arista>
      </es:oldEdge>
      <es:newEdge>
        <arista xmlns="http://www.local.com/eCo/xml/Comportamiento.xsd" id="17" origen="2" destino="5" descripcion="Bloqueamos al jugador que se encuentre por el centro del campo">
          <condition>
            <aggregation aggregator="AND">
              <condition xmlns="" comparator="==">
                <left type="sensor" value="closestToBall" />
                <right type="constant" value="true" />
              </condition>
              <aggregation aggregator="AND">
                <condition xmlns="" comparator="&gt;=">
                  <left type="sensor" value="fieldBallX" />
                  <right type="constant" value="-0.7" />
                </condition>
                <condition xmlns="" comparator="&lt;=">
                  <left type="sensor" value="fieldBallX" />
                  <right type="constant" value="0.7" />
                </condition>
              </aggregation>
            </aggregation>
          </condition>
        </arista>
      </es:newEdge>
    </es:EditOperation>
    <es:EditOperation timestamp="20120504-16:45:00.710" repositoryPath="Soccerbots" mainBehaviour="CentrocampistaPasivo" operationType="EDIT_EDGE" parentBehaviour="CentrocampistaPasivo" parentId="MAIN" id="16">
      <es:oldEdge>
        <arista xmlns="http://www.local.com/eCo/xml/Comportamiento.xsd" id="16" origen="2" destino="3" descripcion="Aparece la pelota en el centro del campo">
          <condition>
            <aggregation aggregator="AND">
              <aggregation aggregator="AND">
                <condition xmlns="" comparator="&gt;">
                  <left type="sensor" value="fieldBallX" />
                  <right type="constant" value="-0.7" />
                </condition>
                <condition xmlns="" comparator="&lt;">
                  <left type="sensor" value="fieldBallX" />
                  <right type="constant" value="0.7" />
                </condition>
              </aggregation>
              <condition xmlns="" comparator="==">
                <left type="sensor" value="closestToBall" />
                <right type="constant" value="true" />
              </condition>
            </aggregation>
          </condition>
        </arista>
      </es:oldEdge>
      <es:newEdge>
        <arista xmlns="http://www.local.com/eCo/xml/Comportamiento.xsd" id="16" origen="2" destino="3" descripcion="Aparece la pelota en el centro del campo">
          <condition>
            <aggregation aggregator="AND">
              <aggregation aggregator="AND">
                <condition xmlns="" comparator="&gt;">
                  <left type="sensor" value="fieldBallX" />
                  <right type="constant" value="-0.7" />
                </condition>
                <condition xmlns="" comparator="&lt;">
                  <left type="sensor" value="fieldBallX" />
                  <right type="constant" value="0.7" />
                </condition>
              </aggregation>
              <condition xmlns="" comparator="==">
                <left type="sensor" value="closestToBall" />
                <right type="constant" value="true" />
              </condition>
            </aggregation>
          </condition>
        </arista>
      </es:newEdge>
    </es:EditOperation>
    <es:EditOperation timestamp="20120504-16:45:12.404" repositoryPath="Soccerbots" mainBehaviour="CentrocampistaPasivo" operationType="EDIT_EDGE" parentBehaviour="CentrocampistaPasivo" parentId="MAIN" id="17">
      <es:oldEdge>
        <arista xmlns="http://www.local.com/eCo/xml/Comportamiento.xsd" id="17" origen="2" destino="5" descripcion="Bloqueamos al jugador que se encuentre por el centro del campo">
          <condition>
            <aggregation aggregator="AND">
              <condition xmlns="" comparator="==">
                <left type="sensor" value="closestToBall" />
                <right type="constant" value="true" />
              </condition>
              <aggregation aggregator="AND">
                <condition xmlns="" comparator="&gt;=">
                  <left type="sensor" value="fieldBallX" />
                  <right type="constant" value="-0.7" />
                </condition>
                <condition xmlns="" comparator="&lt;=">
                  <left type="sensor" value="fieldBallX" />
                  <right type="constant" value="0.7" />
                </condition>
              </aggregation>
            </aggregation>
          </condition>
        </arista>
      </es:oldEdge>
      <es:newEdge>
        <arista xmlns="http://www.local.com/eCo/xml/Comportamiento.xsd" id="17" origen="2" destino="5" descripcion="Bloqueamos al jugador que se encuentre por el centro del campo">
          <condition>
            <aggregation aggregator="AND">
              <condition xmlns="" comparator="==">
                <left type="sensor" value="closestToBall" />
                <right type="constant" value="false" />
              </condition>
              <aggregation aggregator="AND">
                <condition xmlns="" comparator="&gt;=">
                  <left type="sensor" value="fieldBallX" />
                  <right type="constant" value="-0.7" />
                </condition>
                <condition xmlns="" comparator="&lt;=">
                  <left type="sensor" value="fieldBallX" />
                  <right type="constant" value="0.7" />
                </condition>
              </aggregation>
            </aggregation>
          </condition>
        </arista>
      </es:newEdge>
    </es:EditOperation>
  </es:session>
  <es:session id="6" timestamp="20120504-16:49:01.414" />
</es:editSequence>

