<?xml version="1.0" encoding="UTF-8"?>
<beh:compCompuesto xmlns:beh="http://www.local.com/eCo/xml/Comportamiento.xsd" nombre="CentrocamipistaGoleador" descripcion="">
  <beh:listaPropiedades>
    <beh:propiedad nombre="Attacker" valor="3.0" />
    <beh:propiedad nombre="Defender" valor="2.0" />
    <beh:propiedad nombre="Mobility" valor="4.0" />
    <beh:propiedad nombre="Goalkeeper" valor="1.0" />
  </beh:listaPropiedades>
  <beh:nodos>
    <beh:nodo id="5" inicial="false">
      <beh:compAtomico nombre="Pasar" descripcion="Realiza un pase cuando el compañero más cercano no está bloqueado y tenemos un oponente cerca.">
        <beh:listaPropiedades>
          <beh:propiedad nombre="Attacker" valor="3.0" />
          <beh:propiedad nombre="Defender" valor="2.0" />
          <beh:propiedad nombre="Mobility" valor="4.0" />
          <beh:propiedad nombre="Goalkeeper" valor="1.0" />
        </beh:listaPropiedades>
        <beh:basicBehaviour name="Pasar" />
      </beh:compAtomico>
      <beh:vista x="366" y="203" />
    </beh:nodo>
    <beh:nodo id="4" inicial="false">
      <beh:compAtomico nombre="Defender área" descripcion="">
        <beh:listaPropiedades>
          <beh:propiedad nombre="Attacker" valor="3.0" />
          <beh:propiedad nombre="Defender" valor="2.0" />
          <beh:propiedad nombre="Mobility" valor="4.0" />
          <beh:propiedad nombre="Goalkeeper" valor="1.0" />
        </beh:listaPropiedades>
        <beh:basicBehaviour name="Block Goalkeeper" />
      </beh:compAtomico>
      <beh:vista x="887" y="-2" />
    </beh:nodo>
    <beh:nodo id="3" inicial="false">
      <beh:compAtomico nombre="Meter gol" descripcion="">
        <beh:listaPropiedades>
          <beh:propiedad nombre="Attacker" valor="3.0" />
          <beh:propiedad nombre="Defender" valor="2.0" />
          <beh:propiedad nombre="Mobility" valor="4.0" />
          <beh:propiedad nombre="Goalkeeper" valor="1.0" />
        </beh:listaPropiedades>
        <beh:basicBehaviour name="Lead Ball To Goal" />
      </beh:compAtomico>
      <beh:vista x="764" y="362" />
    </beh:nodo>
    <beh:nodo id="2" inicial="false">
      <beh:compAtomico nombre="Ir al centro del campo" descripcion="">
        <beh:listaPropiedades>
          <beh:propiedad nombre="Attacker" valor="3.0" />
          <beh:propiedad nombre="Defender" valor="2.0" />
          <beh:propiedad nombre="Mobility" valor="4.0" />
          <beh:propiedad nombre="Goalkeeper" valor="1.0" />
        </beh:listaPropiedades>
        <beh:basicBehaviour name="Go To Center" />
      </beh:compAtomico>
      <beh:vista x="296" y="-8" />
    </beh:nodo>
    <beh:nodo id="1" inicial="true">
      <beh:compAtomico nombre="Ir a la pelota" descripcion="">
        <beh:listaPropiedades>
          <beh:propiedad nombre="Attacker" valor="3.0" />
          <beh:propiedad nombre="Defender" valor="2.0" />
          <beh:propiedad nombre="Mobility" valor="4.0" />
          <beh:propiedad nombre="Goalkeeper" valor="1.0" />
        </beh:listaPropiedades>
        <beh:basicBehaviour name="Ir a la pelota" />
      </beh:compAtomico>
      <beh:vista x="73" y="326" />
    </beh:nodo>
  </beh:nodos>
  <beh:aristas>
    <beh:arista id="20" origen="5" destino="3" descripcion="No tengo la pelota, soy el más cercano y estoy en el campo opuesto">
      <beh:condition>
        <beh:aggregation aggregator="AND">
          <condition comparator="&gt;=">
            <left type="sensor" value="getBallR" />
            <right type="constant" value="0.3" />
          </condition>
          <condition comparator="==">
            <left type="sensor" value="closestToBall" />
            <right type="constant" value="true" />
          </condition>
          <condition comparator="&gt;">
            <left type="sensor" value="normalizedPositionX" />
            <right type="constant" value="0" />
          </condition>
        </beh:aggregation>
      </beh:condition>
    </beh:arista>
    <beh:arista id="19" origen="3" destino="5" descripcion="Tengo la pelota y hay un oponente bloqueando portería">
      <beh:condition>
        <beh:aggregation aggregator="AND">
          <condition comparator="&lt;">
            <left type="sensor" value="getBallR" />
            <right type="constant" value="0.3" />
          </condition>
          <condition comparator="==">
            <left type="sensor" value="alignedToBallandGoal" />
            <right type="constant" value="false" />
          </condition>
        </beh:aggregation>
      </beh:condition>
    </beh:arista>
    <beh:arista id="18" origen="5" destino="1" descripcion="No tengo la pelota y soy el más cercano a ella">
      <beh:condition>
        <beh:aggregation aggregator="AND">
          <condition comparator="&gt;=">
            <left type="sensor" value="getBallR" />
            <right type="constant" value="0.3" />
          </condition>
          <condition comparator="==">
            <left type="sensor" value="closestToBall" />
            <right type="constant" value="true" />
          </condition>
        </beh:aggregation>
      </beh:condition>
    </beh:arista>
    <beh:arista id="17" origen="1" destino="5" descripcion="Tengo la pelota, hay un compeñero cerca no bloqueado y tengo oponentes cerca">
      <beh:condition>
        <beh:aggregation aggregator="AND">
          <condition comparator="&lt;">
            <left type="sensor" value="getBallR" />
            <right type="constant" value="0.3" />
          </condition>
          <condition comparator="&lt;=">
            <left type="sensor" value="getClosestMateR" />
            <right type="constant" value="0.6" />
          </condition>
        </beh:aggregation>
      </beh:condition>
    </beh:arista>
    <beh:arista id="16" origen="5" destino="2" descripcion="No tengo la pelota y está en mi campo">
      <beh:condition>
        <beh:aggregation aggregator="AND">
          <condition comparator="&gt;=">
            <left type="sensor" value="getBallR" />
            <right type="constant" value="0.3" />
          </condition>
          <condition comparator="&lt;">
            <left type="sensor" value="fieldBallX" />
            <right type="constant" value="0" />
          </condition>
        </beh:aggregation>
      </beh:condition>
    </beh:arista>
    <beh:arista id="15" origen="2" destino="5" descripcion="Tengo la pelota, tengo un compañero cerca y tengo oponentes cerca">
      <beh:condition>
        <beh:aggregation aggregator="AND">
          <condition comparator="&lt;">
            <left type="sensor" value="getBallR" />
            <right type="constant" value="0.3" />
          </condition>
          <condition comparator="&lt;=">
            <left type="sensor" value="getClosestMateR" />
            <right type="constant" value="0.6" />
          </condition>
        </beh:aggregation>
      </beh:condition>
    </beh:arista>
    <beh:arista id="14" origen="4" destino="2" descripcion="La pelota no está cerca del mi área">
      <beh:condition>
        <beh:aggregation aggregator="AND">
          <condition comparator="&gt;">
            <left type="sensor" value="fieldBallX" />
            <right type="constant" value="-1.145" />
          </condition>
        </beh:aggregation>
      </beh:condition>
    </beh:arista>
    <beh:arista id="13" origen="2" destino="4" descripcion="La pelota está en mi campo y cerca del área">
      <beh:condition>
        <beh:aggregation aggregator="AND">
          <condition comparator="&lt;">
            <left type="sensor" value="fieldBallX" />
            <right type="constant" value="0" />
          </condition>
          <condition comparator="&lt;=">
            <left type="sensor" value="fieldBallX" />
            <right type="constant" value="-1.145" />
          </condition>
        </beh:aggregation>
      </beh:condition>
    </beh:arista>
    <beh:arista id="12" origen="2" destino="3" descripcion="La pelota está en el campo del oponente">
      <beh:condition>
        <beh:aggregation aggregator="AND">
          <condition comparator="&gt;">
            <left type="sensor" value="fieldBallX" />
            <right type="constant" value="0" />
          </condition>
        </beh:aggregation>
      </beh:condition>
    </beh:arista>
    <beh:arista id="11" origen="3" destino="2" descripcion="No tengo la pelota y está en mi campo">
      <beh:condition>
        <beh:aggregation aggregator="AND">
          <condition comparator="&gt;=">
            <left type="sensor" value="getBallR" />
            <right type="constant" value="0.3" />
          </condition>
          <condition comparator="&lt;">
            <left type="sensor" value="fieldBallX" />
            <right type="constant" value="0" />
          </condition>
        </beh:aggregation>
      </beh:condition>
    </beh:arista>
    <beh:arista id="10" origen="1" destino="3" descripcion="Tengo la pelota y además estoy cerca de la portería (campo opuesto)">
      <beh:condition>
        <beh:aggregation aggregator="AND">
          <condition comparator="&lt;">
            <left type="sensor" value="getBallR" />
            <right type="constant" value="0.3" />
          </condition>
          <condition comparator="&gt;">
            <left type="sensor" value="normalizedPositionX" />
            <right type="constant" value="0" />
          </condition>
        </beh:aggregation>
      </beh:condition>
    </beh:arista>
    <beh:arista id="9" origen="2" destino="1" descripcion="La pelota está cerca o está en el campo del oponente">
      <beh:condition>
        <beh:aggregation aggregator="OR">
          <condition comparator="&lt;">
            <left type="sensor" value="getBallR" />
            <right type="constant" value="0.5" />
          </condition>
          <condition comparator="&gt;">
            <left type="sensor" value="fieldBallX" />
            <right type="constant" value="0" />
          </condition>
        </beh:aggregation>
      </beh:condition>
    </beh:arista>
    <beh:arista id="8" origen="1" destino="2" descripcion="No tengo la pelota y además está en mi campo">
      <beh:condition>
        <beh:aggregation aggregator="AND">
          <condition comparator="&gt;=">
            <left type="sensor" value="getBallR" />
            <right type="constant" value="0.3" />
          </condition>
          <condition comparator="&lt;">
            <left type="sensor" value="fieldBallX" />
            <right type="constant" value="0" />
          </condition>
        </beh:aggregation>
      </beh:condition>
    </beh:arista>
  </beh:aristas>
</beh:compCompuesto>

