<?xml version="1.0" encoding="UTF-8"?>
<beh:compCompuesto xmlns:beh="http://www.local.com/eCo/xml/Comportamiento.xsd" nombre="Defensa" descripcion="">
  <beh:listaPropiedades>
    <beh:propiedad nombre="Attacker" valor="3.0" />
    <beh:propiedad nombre="Defender" valor="2.0" />
    <beh:propiedad nombre="Mobility" valor="4.0" />
    <beh:propiedad nombre="Goalkeeper" valor="1.0" />
  </beh:listaPropiedades>
  <beh:nodos>
    <beh:nodo id="20" inicial="false">
      <beh:compAtomico nombre="bajar" descripcion="">
        <beh:listaPropiedades>
          <beh:propiedad nombre="Defender" valor="2.0" />
          <beh:propiedad nombre="Attacker" valor="3.0" />
          <beh:propiedad nombre="Mobility" valor="4.0" />
          <beh:propiedad nombre="Goalkeeper" valor="1.0" />
        </beh:listaPropiedades>
        <beh:basicBehaviour name="bajar" />
      </beh:compAtomico>
      <beh:vista x="581" y="572" />
    </beh:nodo>
    <beh:nodo id="19" inicial="false">
      <beh:compAtomico nombre="subir" descripcion="">
        <beh:listaPropiedades>
          <beh:propiedad nombre="Defender" valor="2.0" />
          <beh:propiedad nombre="Attacker" valor="3.0" />
          <beh:propiedad nombre="Mobility" valor="4.0" />
          <beh:propiedad nombre="Goalkeeper" valor="1.0" />
        </beh:listaPropiedades>
        <beh:basicBehaviour name="subir" />
      </beh:compAtomico>
      <beh:vista x="430" y="417" />
    </beh:nodo>
    <beh:nodo id="18" inicial="true">
      <beh:compAtomico nombre="Ir al centro de mi campo" descripcion="">
        <beh:listaPropiedades>
          <beh:propiedad nombre="Defender" valor="2.0" />
          <beh:propiedad nombre="Attacker" valor="3.0" />
          <beh:propiedad nombre="Mobility" valor="4.0" />
          <beh:propiedad nombre="Goalkeeper" valor="1.0" />
        </beh:listaPropiedades>
        <beh:basicBehaviour name="Ir al centro de mi campo" />
      </beh:compAtomico>
      <beh:vista x="805" y="361" />
    </beh:nodo>
    <beh:nodo id="17" inicial="false">
      <beh:compAtomico nombre="Cubrir a atacante" descripcion="">
        <beh:listaPropiedades>
          <beh:propiedad nombre="Defender" valor="2.0" />
          <beh:propiedad nombre="Attacker" valor="3.0" />
          <beh:propiedad nombre="Mobility" valor="4.0" />
          <beh:propiedad nombre="Goalkeeper" valor="1.0" />
        </beh:listaPropiedades>
        <beh:basicBehaviour name="Cubrir a atacante" />
      </beh:compAtomico>
      <beh:vista x="568" y="231" />
    </beh:nodo>
  </beh:nodos>
  <beh:aristas>
    <beh:arista id="22" origen="18" destino="17" descripcion="Ir a cubrir">
      <beh:condition>
        <beh:aggregation aggregator="AND">
          <condition comparator="&lt;">
            <left type="sensor" value="normalizedPositionX" />
            <right type="constant" value="0" />
          </condition>
          <condition comparator="&lt;">
            <left type="sensor" value="fieldBallX" />
            <right type="constant" value="0" />
          </condition>
        </beh:aggregation>
      </beh:condition>
    </beh:arista>
    <beh:arista id="31" origen="20" destino="19" descripcion="Subir para alinear">
      <beh:condition>
        <beh:aggregation aggregator="AND">
          <condition comparator="&lt;">
            <left type="sensor" value="normalizedPositionX" />
            <right type="constant" value="0" />
          </condition>
          <condition comparator="&gt;=">
            <left type="sensor" value="fieldBallX" />
            <right type="constant" value="0" />
          </condition>
          <condition comparator="&lt;">
            <left type="sensor" value="getPositionY" />
            <right type="sensor" value="getBallY" />
          </condition>
        </beh:aggregation>
      </beh:condition>
    </beh:arista>
    <beh:arista id="30" origen="19" destino="20" descripcion="Bajar para cubrir">
      <beh:condition>
        <beh:aggregation aggregator="AND">
          <condition comparator="&lt;">
            <left type="sensor" value="normalizedPositionX" />
            <right type="constant" value="0" />
          </condition>
          <condition comparator="&gt;">
            <left type="sensor" value="getPositionY" />
            <right type="sensor" value="getBallY" />
          </condition>
          <condition comparator="&gt;=">
            <left type="sensor" value="fieldBallX" />
            <right type="constant" value="0" />
          </condition>
        </beh:aggregation>
      </beh:condition>
    </beh:arista>
    <beh:arista id="29" origen="17" destino="19" descripcion="Subir para alinear">
      <beh:condition>
        <beh:aggregation aggregator="AND">
          <condition comparator="&lt;">
            <left type="sensor" value="normalizedPositionX" />
            <right type="constant" value="0" />
          </condition>
          <condition comparator="&lt;">
            <left type="sensor" value="getPositionY" />
            <right type="sensor" value="getBallY" />
          </condition>
          <condition comparator="&gt;=">
            <left type="sensor" value="fieldBallX" />
            <right type="constant" value="0" />
          </condition>
        </beh:aggregation>
      </beh:condition>
    </beh:arista>
    <beh:arista id="28" origen="17" destino="20" descripcion="Bajar para alinear">
      <beh:condition>
        <beh:aggregation aggregator="AND">
          <condition comparator="&gt;=">
            <left type="sensor" value="fieldBallX" />
            <right type="constant" value="0" />
          </condition>
          <condition comparator="&gt;">
            <left type="sensor" value="getPositionY" />
            <right type="sensor" value="getBallY" />
          </condition>
          <condition comparator="&lt;">
            <left type="sensor" value="normalizedPositionX" />
            <right type="constant" value="0" />
          </condition>
        </beh:aggregation>
      </beh:condition>
    </beh:arista>
    <beh:arista id="27" origen="20" destino="17" descripcion="Ir a cubrir">
      <beh:condition>
        <beh:aggregation aggregator="AND">
          <condition comparator="&lt;">
            <left type="sensor" value="normalizedPositionX" />
            <right type="constant" value="0" />
          </condition>
          <condition comparator="&lt;">
            <left type="sensor" value="fieldBallX" />
            <right type="constant" value="0" />
          </condition>
        </beh:aggregation>
      </beh:condition>
    </beh:arista>
    <beh:arista id="26" origen="19" destino="17" descripcion="Ir a cubrir">
      <beh:condition>
        <beh:aggregation aggregator="AND">
          <condition comparator="&lt;">
            <left type="sensor" value="fieldBallX" />
            <right type="constant" value="0" />
          </condition>
          <condition comparator="&lt;">
            <left type="sensor" value="normalizedPositionX" />
            <right type="constant" value="0" />
          </condition>
        </beh:aggregation>
      </beh:condition>
    </beh:arista>
    <beh:arista id="25" origen="18" destino="20" descripcion="Bajar para alinear">
      <beh:condition>
        <beh:aggregation aggregator="AND">
          <condition comparator="&gt;">
            <left type="sensor" value="getPositionY" />
            <right type="sensor" value="getBallY" />
          </condition>
          <condition comparator="&gt;=">
            <left type="sensor" value="fieldBallX" />
            <right type="constant" value="0" />
          </condition>
          <condition comparator="&lt;">
            <left type="sensor" value="normalizedPositionX" />
            <right type="constant" value="0" />
          </condition>
        </beh:aggregation>
      </beh:condition>
    </beh:arista>
    <beh:arista id="24" origen="18" destino="19" descripcion="Subir para alinear">
      <beh:condition>
        <beh:aggregation aggregator="AND">
          <condition comparator="&gt;=">
            <left type="sensor" value="fieldBallX" />
            <right type="constant" value="0" />
          </condition>
          <condition comparator="&lt;">
            <left type="sensor" value="normalizedPositionX" />
            <right type="constant" value="0" />
          </condition>
          <condition comparator="&lt;">
            <left type="sensor" value="getPositionY" />
            <right type="sensor" value="getBallY" />
          </condition>
        </beh:aggregation>
      </beh:condition>
    </beh:arista>
  </beh:aristas>
</beh:compCompuesto>

