<?xml version="1.0" encoding="UTF-8"?>
<beh:compCompuesto xmlns:beh="http://www.local.com/eCo/xml/Comportamiento.xsd" nombre="Delantero" descripcion="">
  <beh:listaPropiedades>
    <beh:propiedad nombre="Defender" valor="2.0" />
    <beh:propiedad nombre="Attacker" valor="3.0" />
    <beh:propiedad nombre="Mobility" valor="4.0" />
    <beh:propiedad nombre="Goalkeeper" valor="1.0" />
  </beh:listaPropiedades>
  <beh:nodos>
    <beh:nodo id="10" inicial="false">
      <beh:compAtomico nombre="Ir a portería contraria" descripcion="">
        <beh:listaPropiedades>
          <beh:propiedad nombre="Attacker" valor="3.0" />
          <beh:propiedad nombre="Defender" valor="2.0" />
          <beh:propiedad nombre="Mobility" valor="4.0" />
          <beh:propiedad nombre="Goalkeeper" valor="1.0" />
        </beh:listaPropiedades>
        <beh:basicBehaviour name="Ir a portería contraria" />
      </beh:compAtomico>
      <beh:vista x="473" y="295" />
    </beh:nodo>
    <beh:nodo id="3" inicial="false">
      <beh:compAtomico nombre="Esperar" descripcion="Esperar">
        <beh:listaPropiedades>
          <beh:propiedad nombre="Defender" valor="2.0" />
          <beh:propiedad nombre="Attacker" valor="3.0" />
          <beh:propiedad nombre="Mobility" valor="4.0" />
          <beh:propiedad nombre="Goalkeeper" valor="1.0" />
        </beh:listaPropiedades>
        <beh:basicBehaviour name="Wait" />
      </beh:compAtomico>
      <beh:vista x="554" y="659" />
    </beh:nodo>
    <beh:nodo id="2" inicial="false">
      <beh:compAtomico nombre="Tirar si gol" descripcion="">
        <beh:listaPropiedades>
          <beh:propiedad nombre="Attacker" valor="3.0" />
          <beh:propiedad nombre="Defender" valor="2.0" />
          <beh:propiedad nombre="Mobility" valor="4.0" />
          <beh:propiedad nombre="Goalkeeper" valor="1.0" />
        </beh:listaPropiedades>
        <beh:basicBehaviour name="Tirar si gol" />
      </beh:compAtomico>
      <beh:vista x="848" y="479" />
    </beh:nodo>
    <beh:nodo id="1" inicial="true">
      <beh:compAtomico nombre="Ir a la pelota" descripcion="Ir a la pelota">
        <beh:listaPropiedades>
          <beh:propiedad nombre="Defender" valor="2.0" />
          <beh:propiedad nombre="Attacker" valor="3.0" />
          <beh:propiedad nombre="Mobility" valor="4.0" />
          <beh:propiedad nombre="Goalkeeper" valor="1.0" />
        </beh:listaPropiedades>
        <beh:basicBehaviour name="Ir a la pelota" />
      </beh:compAtomico>
      <beh:vista x="234" y="476" />
    </beh:nodo>
  </beh:nodos>
  <beh:aristas>
    <beh:arista id="14" origen="10" destino="1" descripcion="Robot y pelota en campo contrario, lejos">
      <beh:condition>
        <beh:aggregation aggregator="AND">
          <condition comparator="&gt;=">
            <left type="sensor" value="normalizedPositionX" />
            <right type="constant" value="0" />
          </condition>
          <condition comparator="&gt;=">
            <left type="sensor" value="fieldBallX" />
            <right type="constant" value="0" />
          </condition>
          <condition comparator="&gt;=">
            <left type="sensor" value="getBallR" />
            <right type="constant" value="0.3" />
          </condition>
        </beh:aggregation>
      </beh:condition>
    </beh:arista>
    <beh:arista id="13" origen="10" destino="3" descripcion="Robot en campo contrario, pelota en propio y lejos">
      <beh:condition>
        <beh:aggregation aggregator="AND">
          <condition comparator="&gt;=">
            <left type="sensor" value="normalizedPositionX" />
            <right type="constant" value="0" />
          </condition>
          <condition comparator="&lt;">
            <left type="sensor" value="fieldBallX" />
            <right type="constant" value="0" />
          </condition>
          <condition comparator="&gt;=">
            <left type="sensor" value="getBallR" />
            <right type="constant" value="0.3" />
          </condition>
        </beh:aggregation>
      </beh:condition>
    </beh:arista>
    <beh:arista id="12" origen="10" destino="2" descripcion="Robot campo contrario, cerca de la pelota">
      <beh:condition>
        <beh:aggregation aggregator="AND">
          <condition comparator="&gt;=">
            <left type="sensor" value="normalizedPositionX" />
            <right type="constant" value="0" />
          </condition>
          <condition comparator="&lt;">
            <left type="sensor" value="getBallR" />
            <right type="constant" value="0.3" />
          </condition>
        </beh:aggregation>
      </beh:condition>
    </beh:arista>
    <beh:arista id="11" origen="1" destino="10" descripcion="Robot en campo propio, lejos de la pelota">
      <beh:condition>
        <beh:aggregation aggregator="AND">
          <condition comparator="&lt;">
            <left type="sensor" value="normalizedPositionX" />
            <right type="constant" value="0" />
          </condition>
          <condition comparator="&gt;=">
            <left type="sensor" value="getBallR" />
            <right type="constant" value="0.3" />
          </condition>
        </beh:aggregation>
      </beh:condition>
    </beh:arista>
    <beh:arista id="9" origen="3" destino="1" descripcion="Pelota lejos">
      <beh:condition>
        <beh:aggregation aggregator="AND">
          <condition comparator="&gt;=">
            <left type="sensor" value="getBallR" />
            <right type="constant" value="0.3" />
          </condition>
        </beh:aggregation>
      </beh:condition>
    </beh:arista>
    <beh:arista id="8" origen="3" destino="2" descripcion="Robot en campo contrario, cerca">
      <beh:condition>
        <beh:aggregation aggregator="AND">
          <condition comparator="&gt;=">
            <left type="sensor" value="normalizedPositionX" />
            <right type="constant" value="0" />
          </condition>
          <condition comparator="&lt;">
            <left type="sensor" value="getBallR" />
            <right type="constant" value="0.3" />
          </condition>
        </beh:aggregation>
      </beh:condition>
    </beh:arista>
    <beh:arista id="7" origen="2" destino="3" descripcion="Robot en campo contrario, pelota en propio y lejos">
      <beh:condition>
        <beh:aggregation aggregator="AND">
          <condition comparator="&gt;=">
            <left type="sensor" value="normalizedPositionX" />
            <right type="constant" value="0" />
          </condition>
          <condition comparator="&lt;">
            <left type="sensor" value="fieldBallX" />
            <right type="constant" value="0" />
          </condition>
          <condition comparator="&gt;=">
            <left type="sensor" value="getBallR" />
            <right type="constant" value="0.3" />
          </condition>
        </beh:aggregation>
      </beh:condition>
    </beh:arista>
    <beh:arista id="6" origen="2" destino="1" descripcion="Robot y pelota en campo contrario, lejos.">
      <beh:condition>
        <beh:aggregation aggregator="AND">
          <condition comparator="&gt;=">
            <left type="sensor" value="normalizedPositionX" />
            <right type="constant" value="0" />
          </condition>
          <condition comparator="&gt;=">
            <left type="sensor" value="fieldBallX" />
            <right type="constant" value="0" />
          </condition>
          <condition comparator="&gt;=">
            <left type="sensor" value="getBallR" />
            <right type="constant" value="0.3" />
          </condition>
        </beh:aggregation>
      </beh:condition>
    </beh:arista>
    <beh:arista id="5" origen="1" destino="2" descripcion="Robot en campo contrario, pelota cerca">
      <beh:condition>
        <beh:aggregation aggregator="AND">
          <condition comparator="&gt;=">
            <left type="sensor" value="normalizedPositionX" />
            <right type="constant" value="0" />
          </condition>
          <condition comparator="&lt;">
            <left type="sensor" value="getBallR" />
            <right type="constant" value="0.3" />
          </condition>
        </beh:aggregation>
      </beh:condition>
    </beh:arista>
    <beh:arista id="4" origen="1" destino="3" descripcion="Robot en campo contrario, pelota en propio y lejos">
      <beh:condition>
        <beh:aggregation aggregator="AND">
          <condition comparator="&gt;=">
            <left type="sensor" value="normalizedPositionX" />
            <right type="constant" value="0" />
          </condition>
          <condition comparator="&lt;">
            <left type="sensor" value="fieldBallX" />
            <right type="constant" value="0" />
          </condition>
          <condition comparator="&gt;=">
            <left type="sensor" value="getBallR" />
            <right type="constant" value="0.3" />
          </condition>
        </beh:aggregation>
      </beh:condition>
    </beh:arista>
  </beh:aristas>
</beh:compCompuesto>

