<?xml version="1.0" encoding="UTF-8"?>
<beh:compCompuesto xmlns:beh="http://www.local.com/eCo/xml/Comportamiento.xsd" nombre="Equipo" descripcion="">
  <beh:listaPropiedades>
    <beh:propiedad nombre="Defender" valor="2.0" />
    <beh:propiedad nombre="Attacker" valor="3.0" />
    <beh:propiedad nombre="Mobility" valor="4.0" />
    <beh:propiedad nombre="Goalkeeper" valor="1.0" />
  </beh:listaPropiedades>
  <beh:nodos>
    <beh:nodo id="449" inicial="false">
      <beh:compCompuesto nombre="Delantero" descripcion="">
        <beh:listaPropiedades>
          <beh:propiedad nombre="Defender" valor="2.0" />
          <beh:propiedad nombre="Attacker" valor="3.0" />
          <beh:propiedad nombre="Mobility" valor="4.0" />
          <beh:propiedad nombre="Goalkeeper" valor="1.0" />
        </beh:listaPropiedades>
        <beh:nodos>
          <beh:nodo id="438" inicial="true">
            <beh:compAtomico nombre="Ir a portería contraria" descripcion="">
              <beh:listaPropiedades>
                <beh:propiedad nombre="Defender" valor="2.0" />
                <beh:propiedad nombre="Attacker" valor="3.0" />
                <beh:propiedad nombre="Mobility" valor="4.0" />
                <beh:propiedad nombre="Goalkeeper" valor="1.0" />
              </beh:listaPropiedades>
              <beh:basicBehaviour name="Ir a portería contraria" />
            </beh:compAtomico>
            <beh:vista x="473" y="295" />
          </beh:nodo>
          <beh:nodo id="437" inicial="false">
            <beh:compAtomico nombre="Esperar" descripcion="Esperar">
              <beh:listaPropiedades>
                <beh:propiedad nombre="Defender" valor="2.0" />
                <beh:propiedad nombre="Attacker" valor="3.0" />
                <beh:propiedad nombre="Mobility" valor="4.0" />
                <beh:propiedad nombre="Goalkeeper" valor="1.0" />
              </beh:listaPropiedades>
              <beh:basicBehaviour name="Wait" />
            </beh:compAtomico>
            <beh:vista x="554" y="659" />
          </beh:nodo>
          <beh:nodo id="436" inicial="false">
            <beh:compAtomico nombre="Tirar si gol" descripcion="">
              <beh:listaPropiedades>
                <beh:propiedad nombre="Defender" valor="2.0" />
                <beh:propiedad nombre="Attacker" valor="3.0" />
                <beh:propiedad nombre="Mobility" valor="4.0" />
                <beh:propiedad nombre="Goalkeeper" valor="1.0" />
              </beh:listaPropiedades>
              <beh:basicBehaviour name="Tirar si gol" />
            </beh:compAtomico>
            <beh:vista x="848" y="479" />
          </beh:nodo>
          <beh:nodo id="435" inicial="false">
            <beh:compAtomico nombre="Ir a la pelota" descripcion="Ir a la pelota">
              <beh:listaPropiedades>
                <beh:propiedad nombre="Defender" valor="2.0" />
                <beh:propiedad nombre="Attacker" valor="3.0" />
                <beh:propiedad nombre="Mobility" valor="4.0" />
                <beh:propiedad nombre="Goalkeeper" valor="1.0" />
              </beh:listaPropiedades>
              <beh:basicBehaviour name="Ir a la pelota" />
            </beh:compAtomico>
            <beh:vista x="234" y="476" />
          </beh:nodo>
        </beh:nodos>
        <beh:aristas>
          <beh:arista id="448" origen="438" destino="435" descripcion="Robot y pelota en campo contrario, lejos">
            <beh:condition>
              <beh:aggregation aggregator="AND">
                <condition comparator="&gt;=">
                  <left type="sensor" value="normalizedPositionX" />
                  <right type="constant" value="0" />
                </condition>
                <condition comparator="&gt;=">
                  <left type="sensor" value="fieldBallX" />
                  <right type="constant" value="0" />
                </condition>
                <condition comparator="&gt;=">
                  <left type="sensor" value="getBallR" />
                  <right type="constant" value="0.3" />
                </condition>
              </beh:aggregation>
            </beh:condition>
          </beh:arista>
          <beh:arista id="447" origen="438" destino="437" descripcion="Robot en campo contrario, pelota en propio y lejos">
            <beh:condition>
              <beh:aggregation aggregator="AND">
                <condition comparator="&gt;=">
                  <left type="sensor" value="normalizedPositionX" />
                  <right type="constant" value="0" />
                </condition>
                <condition comparator="&lt;">
                  <left type="sensor" value="fieldBallX" />
                  <right type="constant" value="0" />
                </condition>
                <condition comparator="&gt;=">
                  <left type="sensor" value="getBallR" />
                  <right type="constant" value="0.3" />
                </condition>
              </beh:aggregation>
            </beh:condition>
          </beh:arista>
          <beh:arista id="446" origen="438" destino="436" descripcion="Robot campo contrario, cerca de la pelota">
            <beh:condition>
              <beh:aggregation aggregator="AND">
                <condition comparator="&gt;=">
                  <left type="sensor" value="normalizedPositionX" />
                  <right type="constant" value="0" />
                </condition>
                <condition comparator="&lt;">
                  <left type="sensor" value="getBallR" />
                  <right type="constant" value="0.3" />
                </condition>
              </beh:aggregation>
            </beh:condition>
          </beh:arista>
          <beh:arista id="445" origen="435" destino="438" descripcion="Robot en campo propio, lejos de la pelota">
            <beh:condition>
              <beh:aggregation aggregator="AND">
                <condition comparator="&lt;">
                  <left type="sensor" value="normalizedPositionX" />
                  <right type="constant" value="0" />
                </condition>
                <condition comparator="&gt;=">
                  <left type="sensor" value="getBallR" />
                  <right type="constant" value="0.3" />
                </condition>
              </beh:aggregation>
            </beh:condition>
          </beh:arista>
          <beh:arista id="444" origen="437" destino="435" descripcion="Pelota lejos">
            <beh:condition>
              <beh:aggregation aggregator="AND">
                <condition comparator="&gt;=">
                  <left type="sensor" value="getBallR" />
                  <right type="constant" value="0.3" />
                </condition>
              </beh:aggregation>
            </beh:condition>
          </beh:arista>
          <beh:arista id="443" origen="437" destino="436" descripcion="Robot en campo contrario, cerca">
            <beh:condition>
              <beh:aggregation aggregator="AND">
                <condition comparator="&gt;=">
                  <left type="sensor" value="normalizedPositionX" />
                  <right type="constant" value="0" />
                </condition>
                <condition comparator="&lt;">
                  <left type="sensor" value="getBallR" />
                  <right type="constant" value="0.3" />
                </condition>
              </beh:aggregation>
            </beh:condition>
          </beh:arista>
          <beh:arista id="442" origen="436" destino="437" descripcion="Robot en campo contrario, pelota en propio y lejos">
            <beh:condition>
              <beh:aggregation aggregator="AND">
                <condition comparator="&gt;=">
                  <left type="sensor" value="normalizedPositionX" />
                  <right type="constant" value="0" />
                </condition>
                <condition comparator="&lt;">
                  <left type="sensor" value="fieldBallX" />
                  <right type="constant" value="0" />
                </condition>
                <condition comparator="&gt;=">
                  <left type="sensor" value="getBallR" />
                  <right type="constant" value="0.3" />
                </condition>
              </beh:aggregation>
            </beh:condition>
          </beh:arista>
          <beh:arista id="441" origen="436" destino="435" descripcion="Robot y pelota en campo contrario, lejos.">
            <beh:condition>
              <beh:aggregation aggregator="AND">
                <condition comparator="&gt;=">
                  <left type="sensor" value="normalizedPositionX" />
                  <right type="constant" value="0" />
                </condition>
                <condition comparator="&gt;=">
                  <left type="sensor" value="fieldBallX" />
                  <right type="constant" value="0" />
                </condition>
                <condition comparator="&gt;=">
                  <left type="sensor" value="getBallR" />
                  <right type="constant" value="0.3" />
                </condition>
              </beh:aggregation>
            </beh:condition>
          </beh:arista>
          <beh:arista id="440" origen="435" destino="436" descripcion="Robot en campo contrario, pelota cerca">
            <beh:condition>
              <beh:aggregation aggregator="AND">
                <condition comparator="&gt;=">
                  <left type="sensor" value="normalizedPositionX" />
                  <right type="constant" value="0" />
                </condition>
                <condition comparator="&lt;">
                  <left type="sensor" value="getBallR" />
                  <right type="constant" value="0.3" />
                </condition>
              </beh:aggregation>
            </beh:condition>
          </beh:arista>
          <beh:arista id="439" origen="435" destino="437" descripcion="Robot en campo contrario, pelota en propio y lejos">
            <beh:condition>
              <beh:aggregation aggregator="AND">
                <condition comparator="&gt;=">
                  <left type="sensor" value="normalizedPositionX" />
                  <right type="constant" value="0" />
                </condition>
                <condition comparator="&lt;">
                  <left type="sensor" value="fieldBallX" />
                  <right type="constant" value="0" />
                </condition>
                <condition comparator="&gt;=">
                  <left type="sensor" value="getBallR" />
                  <right type="constant" value="0.3" />
                </condition>
              </beh:aggregation>
            </beh:condition>
          </beh:arista>
        </beh:aristas>
      </beh:compCompuesto>
      <beh:vista x="452" y="377" />
    </beh:nodo>
    <beh:nodo id="393" inicial="false">
      <beh:compCompuesto nombre="CentrocamipistaGoleador" descripcion="">
        <beh:listaPropiedades>
          <beh:propiedad nombre="Defender" valor="2.0" />
          <beh:propiedad nombre="Attacker" valor="3.0" />
          <beh:propiedad nombre="Mobility" valor="4.0" />
          <beh:propiedad nombre="Goalkeeper" valor="1.0" />
        </beh:listaPropiedades>
        <beh:nodos>
          <beh:nodo id="379" inicial="true">
            <beh:compAtomico nombre="Pasar" descripcion="Realiza un pase cuando el compañero más cercano no está bloqueado y tenemos un oponente cerca.">
              <beh:listaPropiedades>
                <beh:propiedad nombre="Defender" valor="2.0" />
                <beh:propiedad nombre="Attacker" valor="3.0" />
                <beh:propiedad nombre="Mobility" valor="4.0" />
                <beh:propiedad nombre="Goalkeeper" valor="1.0" />
              </beh:listaPropiedades>
              <beh:basicBehaviour name="Pasar" />
            </beh:compAtomico>
            <beh:vista x="366" y="203" />
          </beh:nodo>
          <beh:nodo id="378" inicial="false">
            <beh:compAtomico nombre="Defender área" descripcion="">
              <beh:listaPropiedades>
                <beh:propiedad nombre="Defender" valor="2.0" />
                <beh:propiedad nombre="Attacker" valor="3.0" />
                <beh:propiedad nombre="Mobility" valor="4.0" />
                <beh:propiedad nombre="Goalkeeper" valor="1.0" />
              </beh:listaPropiedades>
              <beh:basicBehaviour name="Block Goalkeeper" />
            </beh:compAtomico>
            <beh:vista x="887" y="-2" />
          </beh:nodo>
          <beh:nodo id="377" inicial="false">
            <beh:compAtomico nombre="Meter gol" descripcion="">
              <beh:listaPropiedades>
                <beh:propiedad nombre="Defender" valor="2.0" />
                <beh:propiedad nombre="Attacker" valor="3.0" />
                <beh:propiedad nombre="Mobility" valor="4.0" />
                <beh:propiedad nombre="Goalkeeper" valor="1.0" />
              </beh:listaPropiedades>
              <beh:basicBehaviour name="Lead Ball To Goal" />
            </beh:compAtomico>
            <beh:vista x="764" y="362" />
          </beh:nodo>
          <beh:nodo id="376" inicial="false">
            <beh:compAtomico nombre="Ir al centro del campo" descripcion="">
              <beh:listaPropiedades>
                <beh:propiedad nombre="Defender" valor="2.0" />
                <beh:propiedad nombre="Attacker" valor="3.0" />
                <beh:propiedad nombre="Mobility" valor="4.0" />
                <beh:propiedad nombre="Goalkeeper" valor="1.0" />
              </beh:listaPropiedades>
              <beh:basicBehaviour name="Go To Center" />
            </beh:compAtomico>
            <beh:vista x="296" y="-8" />
          </beh:nodo>
          <beh:nodo id="375" inicial="false">
            <beh:compAtomico nombre="Ir a la pelota" descripcion="">
              <beh:listaPropiedades>
                <beh:propiedad nombre="Defender" valor="2.0" />
                <beh:propiedad nombre="Attacker" valor="3.0" />
                <beh:propiedad nombre="Mobility" valor="4.0" />
                <beh:propiedad nombre="Goalkeeper" valor="1.0" />
              </beh:listaPropiedades>
              <beh:basicBehaviour name="Ir a la pelota" />
            </beh:compAtomico>
            <beh:vista x="73" y="326" />
          </beh:nodo>
        </beh:nodos>
        <beh:aristas>
          <beh:arista id="390" origen="376" destino="377" descripcion="La pelota está en el campo del oponente">
            <beh:condition>
              <beh:aggregation aggregator="AND">
                <condition comparator="&gt;">
                  <left type="sensor" value="fieldBallX" />
                  <right type="constant" value="0" />
                </condition>
              </beh:aggregation>
            </beh:condition>
          </beh:arista>
          <beh:arista id="389" origen="377" destino="376" descripcion="No tengo la pelota y está en mi campo">
            <beh:condition>
              <beh:aggregation aggregator="AND">
                <condition comparator="&gt;=">
                  <left type="sensor" value="getBallR" />
                  <right type="constant" value="0.3" />
                </condition>
                <condition comparator="&lt;">
                  <left type="sensor" value="fieldBallX" />
                  <right type="constant" value="0" />
                </condition>
              </beh:aggregation>
            </beh:condition>
          </beh:arista>
          <beh:arista id="388" origen="375" destino="377" descripcion="Tengo la pelota y además estoy cerca de la portería (campo opuesto)">
            <beh:condition>
              <beh:aggregation aggregator="AND">
                <condition comparator="&lt;">
                  <left type="sensor" value="getBallR" />
                  <right type="constant" value="0.3" />
                </condition>
                <condition comparator="&gt;">
                  <left type="sensor" value="normalizedPositionX" />
                  <right type="constant" value="0" />
                </condition>
              </beh:aggregation>
            </beh:condition>
          </beh:arista>
          <beh:arista id="387" origen="376" destino="375" descripcion="La pelota está cerca o está en el campo del oponente">
            <beh:condition>
              <beh:aggregation aggregator="OR">
                <condition comparator="&lt;">
                  <left type="sensor" value="getBallR" />
                  <right type="constant" value="0.5" />
                </condition>
                <condition comparator="&gt;">
                  <left type="sensor" value="fieldBallX" />
                  <right type="constant" value="0" />
                </condition>
              </beh:aggregation>
            </beh:condition>
          </beh:arista>
          <beh:arista id="386" origen="375" destino="376" descripcion="No tengo la pelota y además está en mi campo">
            <beh:condition>
              <beh:aggregation aggregator="AND">
                <condition comparator="&gt;=">
                  <left type="sensor" value="getBallR" />
                  <right type="constant" value="0.3" />
                </condition>
                <condition comparator="&lt;">
                  <left type="sensor" value="fieldBallX" />
                  <right type="constant" value="0" />
                </condition>
              </beh:aggregation>
            </beh:condition>
          </beh:arista>
          <beh:arista id="385" origen="379" destino="377" descripcion="No tengo la pelota, soy el más cercano y estoy en el campo opuesto">
            <beh:condition>
              <beh:aggregation aggregator="AND">
                <condition comparator="&gt;=">
                  <left type="sensor" value="getBallR" />
                  <right type="constant" value="0.3" />
                </condition>
                <condition comparator="==">
                  <left type="sensor" value="closestToBall" />
                  <right type="constant" value="true" />
                </condition>
                <condition comparator="&gt;">
                  <left type="sensor" value="normalizedPositionX" />
                  <right type="constant" value="0" />
                </condition>
              </beh:aggregation>
            </beh:condition>
          </beh:arista>
          <beh:arista id="384" origen="377" destino="379" descripcion="Tengo la pelota y hay un oponente bloqueando portería">
            <beh:condition>
              <beh:aggregation aggregator="AND">
                <condition comparator="&lt;">
                  <left type="sensor" value="getBallR" />
                  <right type="constant" value="0.3" />
                </condition>
                <condition comparator="==">
                  <left type="sensor" value="alignedToBallandGoal" />
                  <right type="constant" value="false" />
                </condition>
              </beh:aggregation>
            </beh:condition>
          </beh:arista>
          <beh:arista id="383" origen="379" destino="375" descripcion="No tengo la pelota y soy el más cercano a ella">
            <beh:condition>
              <beh:aggregation aggregator="AND">
                <condition comparator="&gt;=">
                  <left type="sensor" value="getBallR" />
                  <right type="constant" value="0.3" />
                </condition>
                <condition comparator="==">
                  <left type="sensor" value="closestToBall" />
                  <right type="constant" value="true" />
                </condition>
              </beh:aggregation>
            </beh:condition>
          </beh:arista>
          <beh:arista id="382" origen="375" destino="379" descripcion="Tengo la pelota, hay un compeñero cerca no bloqueado y tengo oponentes cerca">
            <beh:condition>
              <beh:aggregation aggregator="AND">
                <condition comparator="&lt;">
                  <left type="sensor" value="getBallR" />
                  <right type="constant" value="0.3" />
                </condition>
                <condition comparator="&lt;=">
                  <left type="sensor" value="getClosestMateR" />
                  <right type="constant" value="0.6" />
                </condition>
              </beh:aggregation>
            </beh:condition>
          </beh:arista>
          <beh:arista id="381" origen="379" destino="376" descripcion="No tengo la pelota y está en mi campo">
            <beh:condition>
              <beh:aggregation aggregator="AND">
                <condition comparator="&gt;=">
                  <left type="sensor" value="getBallR" />
                  <right type="constant" value="0.3" />
                </condition>
                <condition comparator="&lt;">
                  <left type="sensor" value="fieldBallX" />
                  <right type="constant" value="0" />
                </condition>
              </beh:aggregation>
            </beh:condition>
          </beh:arista>
          <beh:arista id="380" origen="376" destino="379" descripcion="Tengo la pelota, tengo un compañero cerca y tengo oponentes cerca">
            <beh:condition>
              <beh:aggregation aggregator="AND">
                <condition comparator="&lt;">
                  <left type="sensor" value="getBallR" />
                  <right type="constant" value="0.3" />
                </condition>
                <condition comparator="&lt;=">
                  <left type="sensor" value="getClosestMateR" />
                  <right type="constant" value="0.6" />
                </condition>
              </beh:aggregation>
            </beh:condition>
          </beh:arista>
          <beh:arista id="392" origen="378" destino="376" descripcion="La pelota no está cerca del mi área">
            <beh:condition>
              <beh:aggregation aggregator="AND">
                <condition comparator="&gt;">
                  <left type="sensor" value="fieldBallX" />
                  <right type="constant" value="-1.145" />
                </condition>
              </beh:aggregation>
            </beh:condition>
          </beh:arista>
          <beh:arista id="391" origen="376" destino="378" descripcion="La pelota está en mi campo y cerca del área">
            <beh:condition>
              <beh:aggregation aggregator="AND">
                <condition comparator="&lt;">
                  <left type="sensor" value="fieldBallX" />
                  <right type="constant" value="0" />
                </condition>
                <condition comparator="&lt;=">
                  <left type="sensor" value="fieldBallX" />
                  <right type="constant" value="-1.145" />
                </condition>
              </beh:aggregation>
            </beh:condition>
          </beh:arista>
        </beh:aristas>
      </beh:compCompuesto>
      <beh:vista x="393" y="503" />
    </beh:nodo>
    <beh:nodo id="480" inicial="false">
      <beh:compCompuesto nombre="Defensa" descripcion="">
        <beh:listaPropiedades>
          <beh:propiedad nombre="Defender" valor="2.0" />
          <beh:propiedad nombre="Attacker" valor="3.0" />
          <beh:propiedad nombre="Mobility" valor="4.0" />
          <beh:propiedad nombre="Goalkeeper" valor="1.0" />
        </beh:listaPropiedades>
        <beh:nodos>
          <beh:nodo id="468" inicial="false">
            <beh:compAtomico nombre="Esperar" descripcion="Esperar">
              <beh:listaPropiedades>
                <beh:propiedad nombre="Defender" valor="2.0" />
                <beh:propiedad nombre="Attacker" valor="3.0" />
                <beh:propiedad nombre="Mobility" valor="4.0" />
                <beh:propiedad nombre="Goalkeeper" valor="1.0" />
              </beh:listaPropiedades>
              <beh:basicBehaviour name="Wait" />
            </beh:compAtomico>
            <beh:vista x="566" y="567" />
          </beh:nodo>
          <beh:nodo id="467" inicial="false">
            <beh:compAtomico nombre="Posicionar y patear" descripcion="">
              <beh:listaPropiedades>
                <beh:propiedad nombre="Defender" valor="2.0" />
                <beh:propiedad nombre="Attacker" valor="3.0" />
                <beh:propiedad nombre="Mobility" valor="4.0" />
                <beh:propiedad nombre="Goalkeeper" valor="1.0" />
              </beh:listaPropiedades>
              <beh:basicBehaviour name="Posicionar y patear" />
            </beh:compAtomico>
            <beh:vista x="819" y="335" />
          </beh:nodo>
          <beh:nodo id="466" inicial="false">
            <beh:compAtomico nombre="Walk Towards Goal" descripcion="Volver al campo">
              <beh:listaPropiedades>
                <beh:propiedad nombre="Defender" valor="2.0" />
                <beh:propiedad nombre="Attacker" valor="3.0" />
                <beh:propiedad nombre="Mobility" valor="4.0" />
                <beh:propiedad nombre="Goalkeeper" valor="1.0" />
              </beh:listaPropiedades>
              <beh:basicBehaviour name="Walk Towards Goal" />
            </beh:compAtomico>
            <beh:vista x="526" y="115" />
          </beh:nodo>
          <beh:nodo id="465" inicial="true">
            <beh:compAtomico nombre="Ir a la pelota" descripcion="Ir a la pelota">
              <beh:listaPropiedades>
                <beh:propiedad nombre="Defender" valor="2.0" />
                <beh:propiedad nombre="Attacker" valor="3.0" />
                <beh:propiedad nombre="Mobility" valor="4.0" />
                <beh:propiedad nombre="Goalkeeper" valor="1.0" />
              </beh:listaPropiedades>
              <beh:basicBehaviour name="Ir a la pelota" />
            </beh:compAtomico>
            <beh:vista x="258" y="339" />
          </beh:nodo>
        </beh:nodos>
        <beh:aristas>
          <beh:arista id="479" origen="468" destino="465" descripcion="Estoy en mi campo y la pelota también pero lejos">
            <beh:condition>
              <beh:aggregation aggregator="AND">
                <condition comparator="&lt;">
                  <left type="sensor" value="normalizedPositionX" />
                  <right type="constant" value="0" />
                </condition>
                <condition comparator="&lt;">
                  <left type="sensor" value="fieldBallX" />
                  <right type="constant" value="0" />
                </condition>
                <condition comparator="&gt;=">
                  <left type="sensor" value="getBallR" />
                  <right type="constant" value="0.3" />
                </condition>
              </beh:aggregation>
            </beh:condition>
          </beh:arista>
          <beh:arista id="478" origen="467" destino="468" descripcion="Estoy en mi campo, la pelota no y está lejos">
            <beh:condition>
              <beh:aggregation aggregator="AND">
                <condition comparator="&lt;">
                  <left type="sensor" value="normalizedPositionX" />
                  <right type="constant" value="0" />
                </condition>
                <condition comparator="&gt;=">
                  <left type="sensor" value="fieldBallX" />
                  <right type="constant" value="0" />
                </condition>
                <condition comparator="&gt;=">
                  <left type="sensor" value="getBallR" />
                  <right type="constant" value="0.3" />
                </condition>
              </beh:aggregation>
            </beh:condition>
          </beh:arista>
          <beh:arista id="477" origen="468" destino="467" descripcion="Estoy en mi campo, la pelota no pero cerca">
            <beh:condition>
              <beh:aggregation aggregator="AND">
                <condition comparator="&lt;">
                  <left type="sensor" value="normalizedPositionX" />
                  <right type="constant" value="0" />
                </condition>
                <condition comparator="&gt;=">
                  <left type="sensor" value="fieldBallX" />
                  <right type="constant" value="0" />
                </condition>
                <condition comparator="&lt;">
                  <left type="sensor" value="getBallR" />
                  <right type="constant" value="0.3" />
                </condition>
              </beh:aggregation>
            </beh:condition>
          </beh:arista>
          <beh:arista id="476" origen="467" destino="466" descripcion="No estoy en mi campo y estoy lejos de la pelota">
            <beh:condition>
              <beh:aggregation aggregator="AND">
                <condition comparator="&gt;=">
                  <left type="sensor" value="normalizedPositionX" />
                  <right type="constant" value="0" />
                </condition>
                <condition comparator="&gt;=">
                  <left type="sensor" value="getBallR" />
                  <right type="constant" value="0.3" />
                </condition>
              </beh:aggregation>
            </beh:condition>
          </beh:arista>
          <beh:arista id="475" origen="466" destino="467" descripcion="Estoy en mi campo y cerca de la pelota">
            <beh:condition>
              <beh:aggregation aggregator="AND">
                <condition comparator="&lt;">
                  <left type="sensor" value="normalizedPositionX" />
                  <right type="constant" value="0" />
                </condition>
                <condition comparator="&lt;">
                  <left type="sensor" value="getBallR" />
                  <right type="constant" value="0.3" />
                </condition>
              </beh:aggregation>
            </beh:condition>
          </beh:arista>
          <beh:arista id="474" origen="466" destino="465" descripcion="Estoy en mi campo, la pelota también y lejos">
            <beh:condition>
              <beh:aggregation aggregator="AND">
                <condition comparator="&lt;">
                  <left type="sensor" value="normalizedPositionX" />
                  <right type="constant" value="0" />
                </condition>
                <condition comparator="&lt;">
                  <left type="sensor" value="fieldBallX" />
                  <right type="constant" value="0" />
                </condition>
                <condition comparator="&gt;=">
                  <left type="sensor" value="getBallR" />
                  <right type="constant" value="0.3" />
                </condition>
              </beh:aggregation>
            </beh:condition>
          </beh:arista>
          <beh:arista id="473" origen="465" destino="466" descripcion="No estoy en mi campo y estoy lejos de la pelota">
            <beh:condition>
              <beh:aggregation aggregator="AND">
                <condition comparator="&gt;=">
                  <left type="sensor" value="normalizedPositionX" />
                  <right type="constant" value="0" />
                </condition>
                <condition comparator="&gt;=">
                  <left type="sensor" value="getBallR" />
                  <right type="constant" value="0.3" />
                </condition>
              </beh:aggregation>
            </beh:condition>
          </beh:arista>
          <beh:arista id="472" origen="465" destino="468" descripcion="Estoy en mi campo, la pelota no y lejos">
            <beh:condition>
              <beh:aggregation aggregator="AND">
                <condition comparator="&lt;">
                  <left type="sensor" value="normalizedPositionX" />
                  <right type="constant" value="0" />
                </condition>
                <condition comparator="&gt;=">
                  <left type="sensor" value="fieldBallX" />
                  <right type="constant" value="0" />
                </condition>
                <condition comparator="&gt;=">
                  <left type="sensor" value="getBallR" />
                  <right type="constant" value="0.3" />
                </condition>
              </beh:aggregation>
            </beh:condition>
          </beh:arista>
          <beh:arista id="471" origen="466" destino="468" descripcion="Estoy en mi campo, la pelota no y lejos">
            <beh:condition>
              <beh:aggregation aggregator="AND">
                <condition comparator="&lt;">
                  <left type="sensor" value="normalizedPositionX" />
                  <right type="constant" value="0" />
                </condition>
                <condition comparator="&gt;">
                  <left type="sensor" value="fieldBallX" />
                  <right type="constant" value="0" />
                </condition>
                <condition comparator="&gt;=">
                  <left type="sensor" value="getBallR" />
                  <right type="constant" value="0.3" />
                </condition>
              </beh:aggregation>
            </beh:condition>
          </beh:arista>
          <beh:arista id="470" origen="467" destino="465" descripcion="Estoy en mi campo y la pelota también pero lejos">
            <beh:condition>
              <beh:aggregation aggregator="AND">
                <condition comparator="&lt;">
                  <left type="sensor" value="normalizedPositionX" />
                  <right type="constant" value="0" />
                </condition>
                <condition comparator="&lt;">
                  <left type="sensor" value="fieldBallX" />
                  <right type="constant" value="0" />
                </condition>
                <condition comparator="&gt;=">
                  <left type="sensor" value="getBallR" />
                  <right type="constant" value="0.3" />
                </condition>
              </beh:aggregation>
            </beh:condition>
          </beh:arista>
          <beh:arista id="469" origen="465" destino="467" descripcion="Estoy en mi campo y cerca de la pelota">
            <beh:condition>
              <beh:aggregation aggregator="AND">
                <condition comparator="&lt;">
                  <left type="sensor" value="normalizedPositionX" />
                  <right type="constant" value="0" />
                </condition>
                <condition comparator="&lt;">
                  <left type="sensor" value="getBallR" />
                  <right type="constant" value="0.3" />
                </condition>
              </beh:aggregation>
            </beh:condition>
          </beh:arista>
        </beh:aristas>
      </beh:compCompuesto>
      <beh:vista x="425" y="257" />
    </beh:nodo>
    <beh:nodo id="1" inicial="true">
      <beh:vista x="227" y="305" />
    </beh:nodo>
    <beh:nodo id="419" inicial="false">
      <beh:compCompuesto nombre="CentrocampistaPasivo" descripcion="">
        <beh:listaPropiedades>
          <beh:propiedad nombre="Defender" valor="2.0" />
          <beh:propiedad nombre="Attacker" valor="3.0" />
          <beh:propiedad nombre="Mobility" valor="4.0" />
          <beh:propiedad nombre="Goalkeeper" valor="1.0" />
        </beh:listaPropiedades>
        <beh:nodos>
          <beh:nodo id="411" inicial="false">
            <beh:compAtomico nombre="Ir a la pelota" descripcion="Se dirige a la pelota">
              <beh:listaPropiedades>
                <beh:propiedad nombre="Defender" valor="2.0" />
                <beh:propiedad nombre="Attacker" valor="3.0" />
                <beh:propiedad nombre="Mobility" valor="4.0" />
                <beh:propiedad nombre="Goalkeeper" valor="1.0" />
              </beh:listaPropiedades>
              <beh:basicBehaviour name="Ir a la pelota" />
            </beh:compAtomico>
            <beh:vista x="390" y="342" />
          </beh:nodo>
          <beh:nodo id="410" inicial="false">
            <beh:compAtomico nombre="Tirar si gol" descripcion="">
              <beh:listaPropiedades>
                <beh:propiedad nombre="Defender" valor="2.0" />
                <beh:propiedad nombre="Attacker" valor="3.0" />
                <beh:propiedad nombre="Mobility" valor="4.0" />
                <beh:propiedad nombre="Goalkeeper" valor="1.0" />
              </beh:listaPropiedades>
              <beh:basicBehaviour name="Tirar si gol" />
            </beh:compAtomico>
            <beh:vista x="195" y="371" />
          </beh:nodo>
          <beh:nodo id="409" inicial="false">
            <beh:compAtomico nombre="Esperar" descripcion="Se queda a la espera">
              <beh:listaPropiedades>
                <beh:propiedad nombre="Defender" valor="2.0" />
                <beh:propiedad nombre="Attacker" valor="3.0" />
                <beh:propiedad nombre="Mobility" valor="4.0" />
                <beh:propiedad nombre="Goalkeeper" valor="1.0" />
              </beh:listaPropiedades>
              <beh:basicBehaviour name="Wait" />
            </beh:compAtomico>
            <beh:vista x="383" y="41" />
          </beh:nodo>
          <beh:nodo id="408" inicial="false">
            <beh:compAtomico nombre="Ir pos centro" descripcion="Se dirige al centro del campo">
              <beh:listaPropiedades>
                <beh:propiedad nombre="Defender" valor="2.0" />
                <beh:propiedad nombre="Attacker" valor="3.0" />
                <beh:propiedad nombre="Mobility" valor="4.0" />
                <beh:propiedad nombre="Goalkeeper" valor="1.0" />
              </beh:listaPropiedades>
              <beh:basicBehaviour name="Go To Center" />
            </beh:compAtomico>
            <beh:vista x="69" y="35" />
          </beh:nodo>
          <beh:nodo id="407" inicial="true">
            <beh:compAtomico nombre="Bloquear centro" descripcion="Bloquea al oponente situado en el centro del campo que lleva la pelota">
              <beh:listaPropiedades>
                <beh:propiedad nombre="Defender" valor="2.0" />
                <beh:propiedad nombre="Attacker" valor="3.0" />
                <beh:propiedad nombre="Mobility" valor="4.0" />
                <beh:propiedad nombre="Goalkeeper" valor="1.0" />
              </beh:listaPropiedades>
              <beh:basicBehaviour name="Bloquear centro" />
            </beh:compAtomico>
            <beh:vista x="684" y="196" />
          </beh:nodo>
        </beh:nodos>
        <beh:aristas>
          <beh:arista id="417" origen="411" destino="407" descripcion="He perdido la pelota o la ha cogido alguien de mi equipo">
            <beh:condition>
              <beh:aggregation aggregator="AND">
                <condition comparator="&gt;">
                  <left type="sensor" value="getBallR" />
                  <right type="constant" value="0.3" />
                </condition>
              </beh:aggregation>
            </beh:condition>
          </beh:arista>
          <beh:arista id="416" origen="411" destino="410" descripcion="Si tengo la pelota">
            <beh:condition>
              <beh:aggregation aggregator="AND">
                <condition comparator="&lt;=">
                  <left type="sensor" value="getBallR" />
                  <right type="constant" value="0.3" />
                </condition>
              </beh:aggregation>
            </beh:condition>
          </beh:arista>
          <beh:arista id="415" origen="410" destino="408" descripcion="Al terminar la accion o perder la pelota">
            <beh:condition>
              <beh:aggregation aggregator="AND">
                <condition comparator="&gt;">
                  <left type="sensor" value="getBallR" />
                  <right type="constant" value="0.3" />
                </condition>
              </beh:aggregation>
            </beh:condition>
          </beh:arista>
          <beh:arista id="414" origen="409" destino="407" descripcion="Bloqueamos al jugador que se encuentre por el centro del campo">
            <beh:condition>
              <beh:aggregation aggregator="AND">
                <condition comparator="==">
                  <left type="sensor" value="closestToBall" />
                  <right type="constant" value="false" />
                </condition>
                <beh:aggregation aggregator="AND">
                  <condition comparator="&gt;=">
                    <left type="sensor" value="fieldBallX" />
                    <right type="constant" value="-0.7" />
                  </condition>
                  <condition comparator="&lt;=">
                    <left type="sensor" value="fieldBallX" />
                    <right type="constant" value="0.7" />
                  </condition>
                </beh:aggregation>
              </beh:aggregation>
            </beh:condition>
          </beh:arista>
          <beh:arista id="413" origen="409" destino="411" descripcion="Aparece la pelota en el centro del campo">
            <beh:condition>
              <beh:aggregation aggregator="AND">
                <beh:aggregation aggregator="AND">
                  <condition comparator="&gt;">
                    <left type="sensor" value="fieldBallX" />
                    <right type="constant" value="-0.7" />
                  </condition>
                  <condition comparator="&lt;">
                    <left type="sensor" value="fieldBallX" />
                    <right type="constant" value="0.7" />
                  </condition>
                </beh:aggregation>
                <condition comparator="==">
                  <left type="sensor" value="closestToBall" />
                  <right type="constant" value="true" />
                </condition>
              </beh:aggregation>
            </beh:condition>
          </beh:arista>
          <beh:arista id="412" origen="408" destino="409" descripcion="He llegado al centro">
            <beh:condition>
              <beh:aggregation aggregator="AND">
                <condition comparator="==">
                  <left type="sensor" value="normalizedPositionX" />
                  <right type="constant" value="0" />
                </condition>
                <condition comparator="==">
                  <left type="sensor" value="getPositionY" />
                  <right type="constant" value="0" />
                </condition>
              </beh:aggregation>
            </beh:condition>
          </beh:arista>
          <beh:arista id="418" origen="407" destino="408" descripcion="Si la pelota sale del área del centro">
            <beh:condition>
              <beh:aggregation aggregator="AND">
                <beh:aggregation aggregator="AND">
                  <condition comparator="&lt;=">
                    <left type="sensor" value="fieldBallX" />
                    <right type="constant" value="-0.7" />
                  </condition>
                  <condition comparator="&gt;=">
                    <left type="sensor" value="fieldBallX" />
                    <right type="constant" value="0.7" />
                  </condition>
                </beh:aggregation>
              </beh:aggregation>
            </beh:condition>
          </beh:arista>
        </beh:aristas>
      </beh:compCompuesto>
      <beh:vista x="396" y="600" />
    </beh:nodo>
    <beh:nodo id="539" inicial="false">
      <beh:compCompuesto nombre="PorteroBasico" descripcion="">
        <beh:listaPropiedades>
          <beh:propiedad nombre="Defender" valor="2.0" />
          <beh:propiedad nombre="Attacker" valor="3.0" />
          <beh:propiedad nombre="Mobility" valor="4.0" />
          <beh:propiedad nombre="Goalkeeper" valor="1.0" />
        </beh:listaPropiedades>
        <beh:nodos>
          <beh:nodo id="527" inicial="false">
            <beh:compAtomico nombre="Wait" descripcion="">
              <beh:listaPropiedades>
                <beh:propiedad nombre="Defender" valor="2.0" />
                <beh:propiedad nombre="Attacker" valor="3.0" />
                <beh:propiedad nombre="Mobility" valor="4.0" />
                <beh:propiedad nombre="Goalkeeper" valor="1.0" />
              </beh:listaPropiedades>
              <beh:basicBehaviour name="Wait" />
            </beh:compAtomico>
            <beh:vista x="619" y="534" />
          </beh:nodo>
          <beh:nodo id="526" inicial="false">
            <beh:compAtomico nombre="AlinearArriba" descripcion="">
              <beh:listaPropiedades>
                <beh:propiedad nombre="Defender" valor="2.0" />
                <beh:propiedad nombre="Attacker" valor="3.0" />
                <beh:propiedad nombre="Mobility" valor="4.0" />
                <beh:propiedad nombre="Goalkeeper" valor="1.0" />
              </beh:listaPropiedades>
              <beh:basicBehaviour name="subir" />
            </beh:compAtomico>
            <beh:vista x="348" y="349" />
          </beh:nodo>
          <beh:nodo id="525" inicial="false">
            <beh:compAtomico nombre="AlinearAbajo" descripcion="">
              <beh:listaPropiedades>
                <beh:propiedad nombre="Defender" valor="2.0" />
                <beh:propiedad nombre="Attacker" valor="3.0" />
                <beh:propiedad nombre="Mobility" valor="4.0" />
                <beh:propiedad nombre="Goalkeeper" valor="1.0" />
              </beh:listaPropiedades>
              <beh:basicBehaviour name="bajar" />
            </beh:compAtomico>
            <beh:vista x="901" y="359" />
          </beh:nodo>
          <beh:nodo id="524" inicial="true">
            <beh:compAtomico nombre="Walk Towards Goal" descripcion="">
              <beh:listaPropiedades>
                <beh:propiedad nombre="Defender" valor="2.0" />
                <beh:propiedad nombre="Attacker" valor="3.0" />
                <beh:propiedad nombre="Mobility" valor="4.0" />
                <beh:propiedad nombre="Goalkeeper" valor="1.0" />
              </beh:listaPropiedades>
              <beh:basicBehaviour name="Walk Towards Goal" />
            </beh:compAtomico>
            <beh:vista x="584" y="161" />
          </beh:nodo>
        </beh:nodos>
        <beh:aristas>
          <beh:arista id="528" origen="524" destino="526" descripcion="La pelota está situada por encima del portero en el eje Y">
            <beh:condition>
              <beh:aggregation aggregator="AND">
                <condition comparator="==">
                  <left type="sensor" value="fieldBallY" />
                  <right type="sensor" value="getPositionY" />
                </condition>
                <condition comparator="&lt;">
                  <left type="sensor" value="getPositionY" />
                  <right type="constant" value="0.25" />
                </condition>
                <condition comparator="&lt;=">
                  <left type="sensor" value="normalizedPositionX" />
                  <right type="constant" value="-1.20" />
                </condition>
              </beh:aggregation>
            </beh:condition>
          </beh:arista>
          <beh:arista id="538" origen="526" destino="524" descripcion="El portero está fuera del área">
            <beh:condition>
              <beh:aggregation aggregator="AND">
                <condition comparator="&gt;">
                  <left type="sensor" value="normalizedPositionX" />
                  <right type="constant" value="-1.20" />
                </condition>
              </beh:aggregation>
            </beh:condition>
          </beh:arista>
          <beh:arista id="537" origen="525" destino="524" descripcion="El portero está fuera del área">
            <beh:condition>
              <beh:aggregation aggregator="AND">
                <condition comparator="&gt;">
                  <left type="sensor" value="normalizedPositionX" />
                  <right type="constant" value="-1.20" />
                </condition>
              </beh:aggregation>
            </beh:condition>
          </beh:arista>
          <beh:arista id="536" origen="527" destino="524" descripcion="Estás fuera del área">
            <beh:condition>
              <beh:aggregation aggregator="AND">
                <condition comparator="&gt;">
                  <left type="sensor" value="normalizedPositionX" />
                  <right type="constant" value="-1.20" />
                </condition>
              </beh:aggregation>
            </beh:condition>
          </beh:arista>
          <beh:arista id="535" origen="525" destino="526" descripcion="El portero está por debajo de la pelota">
            <beh:condition>
              <beh:aggregation aggregator="AND">
                <condition comparator="&gt;">
                  <left type="sensor" value="fieldBallY" />
                  <right type="sensor" value="getPositionY" />
                </condition>
                <condition comparator="&lt;">
                  <left type="sensor" value="getPositionY" />
                  <right type="constant" value="0.25" />
                </condition>
              </beh:aggregation>
            </beh:condition>
          </beh:arista>
          <beh:arista id="534" origen="526" destino="525" descripcion="El portero está situado por encima de la pelota">
            <beh:condition>
              <beh:aggregation aggregator="AND">
                <condition comparator="&lt;">
                  <left type="sensor" value="fieldBallY" />
                  <right type="sensor" value="getPositionY" />
                </condition>
                <condition comparator="&gt;">
                  <left type="sensor" value="getPositionY" />
                  <right type="constant" value="-0.25" />
                </condition>
              </beh:aggregation>
            </beh:condition>
          </beh:arista>
          <beh:arista id="533" origen="527" destino="526" descripcion="La pelota vuelve a estar por encima del portero">
            <beh:condition>
              <beh:aggregation aggregator="AND">
                <condition comparator="&lt;">
                  <left type="sensor" value="getPositionY" />
                  <right type="constant" value="0.23" />
                </condition>
                <condition comparator="&gt;">
                  <left type="sensor" value="fieldBallY" />
                  <right type="sensor" value="getPositionY" />
                </condition>
              </beh:aggregation>
            </beh:condition>
          </beh:arista>
          <beh:arista id="532" origen="527" destino="525" descripcion="La pelota está muy por debajo del portero">
            <beh:condition>
              <beh:aggregation aggregator="AND">
                <condition comparator="&lt;">
                  <left type="sensor" value="fieldBallY" />
                  <right type="sensor" value="getPositionY" />
                </condition>
                <condition comparator="&gt;">
                  <left type="sensor" value="getPositionY" />
                  <right type="constant" value="-0.23" />
                </condition>
              </beh:aggregation>
            </beh:condition>
          </beh:arista>
          <beh:arista id="531" origen="526" destino="527" descripcion="la pelota está muy por encima del portero">
            <beh:condition>
              <beh:aggregation aggregator="AND">
                <condition comparator="&gt;">
                  <left type="sensor" value="fieldBallY" />
                  <right type="constant" value="0.25" />
                </condition>
                <condition comparator="&gt;">
                  <left type="sensor" value="getPositionY" />
                  <right type="constant" value="0.23" />
                </condition>
              </beh:aggregation>
            </beh:condition>
          </beh:arista>
          <beh:arista id="530" origen="525" destino="527" descripcion="La pelota vuelve a estar por debajo del portero">
            <beh:condition>
              <beh:aggregation aggregator="AND">
                <condition comparator="&lt;">
                  <left type="sensor" value="fieldBallY" />
                  <right type="constant" value="-0.25" />
                </condition>
                <condition comparator="&lt;">
                  <left type="sensor" value="getPositionY" />
                  <right type="constant" value="-0.23" />
                </condition>
              </beh:aggregation>
            </beh:condition>
          </beh:arista>
          <beh:arista id="529" origen="524" destino="525" descripcion="La pelota está situada por debajo del portero en el eje Y y además estamos en el área">
            <beh:condition>
              <beh:aggregation aggregator="AND">
                <condition comparator="&lt;">
                  <left type="sensor" value="fieldBallY" />
                  <right type="sensor" value="getPositionY" />
                </condition>
                <condition comparator="&lt;=">
                  <left type="sensor" value="normalizedPositionX" />
                  <right type="constant" value="-1.20" />
                </condition>
                <condition comparator="&gt;">
                  <left type="sensor" value="getPositionY" />
                  <right type="constant" value="-0.25" />
                </condition>
              </beh:aggregation>
            </beh:condition>
          </beh:arista>
        </beh:aristas>
      </beh:compCompuesto>
      <beh:vista x="314" y="187" />
    </beh:nodo>
  </beh:nodos>
  <beh:aristas>
    <beh:arista id="394" origen="1" destino="393" descripcion="Centrocampista 3">
      <beh:condition>
        <beh:aggregation aggregator="AND">
          <condition comparator="==">
            <left type="sensor" value="getPlayerNumber" />
            <right type="constant" value="3" />
          </condition>
        </beh:aggregation>
      </beh:condition>
    </beh:arista>
    <beh:arista id="482" origen="1" destino="449" descripcion="Delantero">
      <beh:condition>
        <beh:aggregation aggregator="AND">
          <condition comparator="==">
            <left type="sensor" value="getPlayerNumber" />
            <right type="constant" value="2" />
          </condition>
        </beh:aggregation>
      </beh:condition>
    </beh:arista>
    <beh:arista id="420" origen="1" destino="419" descripcion="Centrocampista 4">
      <beh:condition>
        <beh:aggregation aggregator="AND">
          <condition comparator="==">
            <left type="sensor" value="getPlayerNumber" />
            <right type="constant" value="4" />
          </condition>
        </beh:aggregation>
      </beh:condition>
    </beh:arista>
    <beh:arista id="540" origen="1" destino="539" descripcion="Portero 0">
      <beh:condition>
        <beh:aggregation aggregator="AND">
          <condition comparator="&lt;=">
            <left type="sensor" value="getPlayerNumber" />
            <right type="constant" value="1" />
          </condition>
        </beh:aggregation>
      </beh:condition>
    </beh:arista>
  </beh:aristas>
</beh:compCompuesto>

