<?xml version="1.0" encoding="UTF-8"?>
<es:editSequence xmlns:es="http://www.local.com/eCo/xml/EditSequence.xsd" onSave="true">
  <es:session id="1" timestamp="20120501-17:39:55.584">
    <es:EditOperation timestamp="20120501-17:56:33.079" repositoryPath="SoccerBots" mainBehaviour="Patada" operationType="ADD_NODE" parentBehaviour="Patada" parentId="MAIN" id="1" />
    <es:EditOperation timestamp="20120501-17:56:33.632" repositoryPath="SoccerBots" mainBehaviour="Patada" operationType="ADD_NODE" parentBehaviour="Patada" parentId="MAIN" id="2" />
    <es:EditOperation timestamp="20120501-17:57:36.979" repositoryPath="SoccerBots" mainBehaviour="Patada" operationType="ADD_EDGE" parentBehaviour="Patada" parentId="MAIN" id="3" from="1" to="2" />
    <es:EditOperation timestamp="20120501-17:58:25.048" repositoryPath="SoccerBots" mainBehaviour="Patada" operationType="ADD_EDGE" parentBehaviour="Patada" parentId="MAIN" id="4" from="2" to="1" />
    <es:EditOperation timestamp="20120501-18:01:25.258" repositoryPath="SoccerBots" mainBehaviour="Patada" operationType="EDIT_NODE" parentBehaviour="Patada" parentId="MAIN" id="1">
      <es:oldContent />
      <es:newContent>
        <compAtomico xmlns="http://www.local.com/eCo/xml/Comportamiento.xsd" nombre="Ir a la pelota" descripcion="El jugador se mueve directamente hacia la pelota">
          <listaPropiedades>
            <propiedad nombre="Defender" valor="2.0" />
            <propiedad nombre="Attacker" valor="3.0" />
            <propiedad nombre="Mobility" valor="4.0" />
            <propiedad nombre="Goalkeeper" valor="1.0" />
          </listaPropiedades>
          <basicBehaviour name="Ir a la pelota" />
        </compAtomico>
      </es:newContent>
    </es:EditOperation>
    <es:EditOperation timestamp="20120501-18:02:01.717" repositoryPath="SoccerBots" mainBehaviour="Patada" operationType="EDIT_NODE" parentBehaviour="Patada" parentId="MAIN" id="2">
      <es:oldContent />
      <es:newContent>
        <compAtomico xmlns="http://www.local.com/eCo/xml/Comportamiento.xsd" nombre="Patear" descripcion="Pega una patada al balón.">
          <listaPropiedades>
            <propiedad nombre="Defender" valor="2.0" />
            <propiedad nombre="Attacker" valor="3.0" />
            <propiedad nombre="Mobility" valor="4.0" />
            <propiedad nombre="Goalkeeper" valor="1.0" />
          </listaPropiedades>
          <basicBehaviour name="Patear" />
        </compAtomico>
      </es:newContent>
    </es:EditOperation>
    <es:EditOperation timestamp="20120501-18:06:14.821" repositoryPath="SoccerBots" mainBehaviour="Patada" operationType="EDIT_EDGE" parentBehaviour="Patada" parentId="MAIN" id="3">
      <es:oldEdge>
        <arista xmlns="http://www.local.com/eCo/xml/Comportamiento.xsd" id="3" origen="1" destino="2" descripcion="">
          <condition />
        </arista>
      </es:oldEdge>
      <es:newEdge>
        <arista xmlns="http://www.local.com/eCo/xml/Comportamiento.xsd" id="3" origen="1" destino="2" descripcion="Puedo dar una patada">
          <condition>
            <aggregation aggregator="AND">
              <condition xmlns="" comparator="==">
                <left type="sensor" value="canKick" />
                <right type="constant" value="true" />
              </condition>
            </aggregation>
          </condition>
        </arista>
      </es:newEdge>
    </es:EditOperation>
    <es:EditOperation timestamp="20120501-18:07:24.660" repositoryPath="SoccerBots" mainBehaviour="Patada" operationType="EDIT_EDGE" parentBehaviour="Patada" parentId="MAIN" id="4">
      <es:oldEdge>
        <arista xmlns="http://www.local.com/eCo/xml/Comportamiento.xsd" id="4" origen="2" destino="1" descripcion="">
          <condition />
        </arista>
      </es:oldEdge>
      <es:newEdge>
        <arista xmlns="http://www.local.com/eCo/xml/Comportamiento.xsd" id="4" origen="2" destino="1" descripcion="No puedo dar una patada">
          <condition>
            <aggregation aggregator="AND">
              <condition xmlns="" comparator="==">
                <left type="sensor" value="canKick" />
                <right type="constant" value="false" />
              </condition>
            </aggregation>
          </condition>
        </arista>
      </es:newEdge>
    </es:EditOperation>
  </es:session>
  <es:session id="2" timestamp="20120501-18:44:21.487" />
</es:editSequence>

