<?xml version="1.0" encoding="UTF-8"?>
<beh:compCompuesto xmlns:beh="http://www.local.com/eCo/xml/Comportamiento.xsd" nombre="Patada" descripcion="">
  <beh:listaPropiedades>
    <beh:propiedad nombre="Attacker" valor="3.0" />
    <beh:propiedad nombre="Defender" valor="2.0" />
    <beh:propiedad nombre="Mobility" valor="4.0" />
    <beh:propiedad nombre="Goalkeeper" valor="1.0" />
  </beh:listaPropiedades>
  <beh:nodos>
    <beh:nodo id="2" inicial="false">
      <beh:compAtomico nombre="Patear" descripcion="Pega una patada al balón.">
        <beh:listaPropiedades>
          <beh:propiedad nombre="Defender" valor="2.0" />
          <beh:propiedad nombre="Attacker" valor="3.0" />
          <beh:propiedad nombre="Mobility" valor="4.0" />
          <beh:propiedad nombre="Goalkeeper" valor="1.0" />
        </beh:listaPropiedades>
        <beh:basicBehaviour name="Patear" />
      </beh:compAtomico>
      <beh:vista x="870" y="361" />
    </beh:nodo>
    <beh:nodo id="1" inicial="true">
      <beh:compAtomico nombre="Ir a la pelota" descripcion="El jugador se mueve directamente hacia la pelota">
        <beh:listaPropiedades>
          <beh:propiedad nombre="Defender" valor="2.0" />
          <beh:propiedad nombre="Attacker" valor="3.0" />
          <beh:propiedad nombre="Mobility" valor="4.0" />
          <beh:propiedad nombre="Goalkeeper" valor="1.0" />
        </beh:listaPropiedades>
        <beh:basicBehaviour name="Ir a la pelota" />
      </beh:compAtomico>
      <beh:vista x="232" y="355" />
    </beh:nodo>
  </beh:nodos>
  <beh:aristas>
    <beh:arista id="4" origen="2" destino="1" descripcion="No puedo dar una patada">
      <beh:condition>
        <beh:aggregation aggregator="AND">
          <condition comparator="==">
            <left type="sensor" value="canKick" />
            <right type="constant" value="false" />
          </condition>
        </beh:aggregation>
      </beh:condition>
    </beh:arista>
    <beh:arista id="3" origen="1" destino="2" descripcion="Puedo dar una patada">
      <beh:condition>
        <beh:aggregation aggregator="AND">
          <condition comparator="==">
            <left type="sensor" value="canKick" />
            <right type="constant" value="true" />
          </condition>
        </beh:aggregation>
      </beh:condition>
    </beh:arista>
  </beh:aristas>
</beh:compCompuesto>

