<?xml version="1.0" encoding="UTF-8"?>
<beh:compCompuesto xmlns:beh="http://www.local.com/eCo/xml/Comportamiento.xsd" nombre="PorteroBasico" descripcion="">
  <beh:listaPropiedades>
    <beh:propiedad nombre="Defender" valor="2.0" />
    <beh:propiedad nombre="Attacker" valor="3.0" />
    <beh:propiedad nombre="Mobility" valor="4.0" />
    <beh:propiedad nombre="Goalkeeper" valor="1.0" />
  </beh:listaPropiedades>
  <beh:nodos>
    <beh:nodo id="7" inicial="false">
      <beh:compAtomico nombre="Wait" descripcion="">
        <beh:listaPropiedades>
          <beh:propiedad nombre="Attacker" valor="3.0" />
          <beh:propiedad nombre="Defender" valor="2.0" />
          <beh:propiedad nombre="Mobility" valor="4.0" />
          <beh:propiedad nombre="Goalkeeper" valor="1.0" />
        </beh:listaPropiedades>
        <beh:basicBehaviour name="Wait" />
      </beh:compAtomico>
      <beh:vista x="619" y="534" />
    </beh:nodo>
    <beh:nodo id="4" inicial="false">
      <beh:compAtomico nombre="AlinearArriba" descripcion="">
        <beh:listaPropiedades>
          <beh:propiedad nombre="Attacker" valor="3.0" />
          <beh:propiedad nombre="Defender" valor="2.0" />
          <beh:propiedad nombre="Mobility" valor="4.0" />
          <beh:propiedad nombre="Goalkeeper" valor="1.0" />
        </beh:listaPropiedades>
        <beh:basicBehaviour name="subir" />
      </beh:compAtomico>
      <beh:vista x="348" y="349" />
    </beh:nodo>
    <beh:nodo id="3" inicial="false">
      <beh:compAtomico nombre="AlinearAbajo" descripcion="">
        <beh:listaPropiedades>
          <beh:propiedad nombre="Attacker" valor="3.0" />
          <beh:propiedad nombre="Defender" valor="2.0" />
          <beh:propiedad nombre="Mobility" valor="4.0" />
          <beh:propiedad nombre="Goalkeeper" valor="1.0" />
        </beh:listaPropiedades>
        <beh:basicBehaviour name="bajar" />
      </beh:compAtomico>
      <beh:vista x="901" y="359" />
    </beh:nodo>
    <beh:nodo id="1" inicial="true">
      <beh:compAtomico nombre="Walk Towards Goal" descripcion="">
        <beh:listaPropiedades>
          <beh:propiedad nombre="Attacker" valor="3.0" />
          <beh:propiedad nombre="Defender" valor="2.0" />
          <beh:propiedad nombre="Mobility" valor="4.0" />
          <beh:propiedad nombre="Goalkeeper" valor="1.0" />
        </beh:listaPropiedades>
        <beh:basicBehaviour name="Walk Towards Goal" />
      </beh:compAtomico>
      <beh:vista x="584" y="161" />
    </beh:nodo>
  </beh:nodos>
  <beh:aristas>
    <beh:arista id="18" origen="4" destino="1" descripcion="El portero está fuera del área">
      <beh:condition>
        <beh:aggregation aggregator="AND">
          <condition comparator="&gt;">
            <left type="sensor" value="normalizedPositionX" />
            <right type="constant" value="-1.30" />
          </condition>
        </beh:aggregation>
      </beh:condition>
    </beh:arista>
    <beh:arista id="17" origen="3" destino="1" descripcion="El portero está fuera del área">
      <beh:condition>
        <beh:aggregation aggregator="AND">
          <condition comparator="&gt;">
            <left type="sensor" value="normalizedPositionX" />
            <right type="constant" value="-1.30" />
          </condition>
        </beh:aggregation>
      </beh:condition>
    </beh:arista>
    <beh:arista id="16" origen="7" destino="1" descripcion="Estás fuera del área">
      <beh:condition>
        <beh:aggregation aggregator="AND">
          <condition comparator="&gt;">
            <left type="sensor" value="normalizedPositionX" />
            <right type="constant" value="-1.30" />
          </condition>
        </beh:aggregation>
      </beh:condition>
    </beh:arista>
    <beh:arista id="15" origen="3" destino="4" descripcion="El portero está por debajo de la pelota">
      <beh:condition>
        <beh:aggregation aggregator="AND">
          <condition comparator="&gt;">
            <left type="sensor" value="fieldBallY" />
            <right type="sensor" value="getPositionY" />
          </condition>
          <condition comparator="&lt;">
            <left type="sensor" value="getPositionY" />
            <right type="constant" value="0.25" />
          </condition>
        </beh:aggregation>
      </beh:condition>
    </beh:arista>
    <beh:arista id="14" origen="4" destino="3" descripcion="El portero está situado por encima de la pelota">
      <beh:condition>
        <beh:aggregation aggregator="AND">
          <condition comparator="&lt;">
            <left type="sensor" value="fieldBallY" />
            <right type="sensor" value="getPositionY" />
          </condition>
          <condition comparator="&gt;">
            <left type="sensor" value="getPositionY" />
            <right type="constant" value="-0.25" />
          </condition>
        </beh:aggregation>
      </beh:condition>
    </beh:arista>
    <beh:arista id="13" origen="7" destino="4" descripcion="La pelota vuelve a estar por encima del portero">
      <beh:condition>
        <beh:aggregation aggregator="AND">
          <condition comparator="&lt;">
            <left type="sensor" value="getPositionY" />
            <right type="constant" value="0.23" />
          </condition>
          <condition comparator="&gt;">
            <left type="sensor" value="fieldBallY" />
            <right type="sensor" value="getPositionY" />
          </condition>
        </beh:aggregation>
      </beh:condition>
    </beh:arista>
    <beh:arista id="12" origen="7" destino="3" descripcion="La pelota está muy por debajo del portero">
      <beh:condition>
        <beh:aggregation aggregator="AND">
          <condition comparator="&lt;">
            <left type="sensor" value="fieldBallY" />
            <right type="constant" value="-0.25" />
          </condition>
          <condition comparator="&gt;">
            <left type="sensor" value="getPositionY" />
            <right type="constant" value="-0.23" />
          </condition>
        </beh:aggregation>
      </beh:condition>
    </beh:arista>
    <beh:arista id="11" origen="4" destino="7" descripcion="la pelota está muy por encima del portero">
      <beh:condition>
        <beh:aggregation aggregator="AND">
          <condition comparator="&gt;">
            <left type="sensor" value="fieldBallY" />
            <right type="constant" value="0.25" />
          </condition>
          <condition comparator="&gt;">
            <left type="sensor" value="getPositionY" />
            <right type="constant" value="0.23" />
          </condition>
        </beh:aggregation>
      </beh:condition>
    </beh:arista>
    <beh:arista id="10" origen="3" destino="7" descripcion="La pelota vuelve a estar por debajo del portero">
      <beh:condition>
        <beh:aggregation aggregator="AND">
          <condition comparator="&lt;">
            <left type="sensor" value="fieldBallY" />
            <right type="sensor" value="getPositionY" />
          </condition>
          <condition comparator="&gt;">
            <left type="sensor" value="getPositionY" />
            <right type="constant" value="-0.23" />
          </condition>
        </beh:aggregation>
      </beh:condition>
    </beh:arista>
    <beh:arista id="9" origen="1" destino="3" descripcion="La pelota está situada por debajo del portero en el eje Y y además estamos en el área">
      <beh:condition>
        <beh:aggregation aggregator="AND">
          <condition comparator="&lt;">
            <left type="sensor" value="fieldBallY" />
            <right type="sensor" value="getPositionY" />
          </condition>
          <condition comparator="&lt;">
            <left type="sensor" value="normalizedPositionX" />
            <right type="constant" value="-1.30" />
          </condition>
          <condition comparator="&gt;">
            <left type="sensor" value="getPositionY" />
            <right type="constant" value="-0.25" />
          </condition>
        </beh:aggregation>
      </beh:condition>
    </beh:arista>
    <beh:arista id="8" origen="1" destino="4" descripcion="La pelota está situada por encima del portero en el eje Y">
      <beh:condition>
        <beh:aggregation aggregator="AND">
          <condition comparator="==">
            <left type="sensor" value="fieldBallY" />
            <right type="sensor" value="getPositionY" />
          </condition>
          <condition comparator="&lt;">
            <left type="sensor" value="getPositionY" />
            <right type="constant" value="0.25" />
          </condition>
          <condition comparator="&lt;">
            <left type="sensor" value="normalizedPositionX" />
            <right type="constant" value="-1.30" />
          </condition>
        </beh:aggregation>
      </beh:condition>
    </beh:arista>
  </beh:aristas>
</beh:compCompuesto>

