<?xml version="1.0" encoding="UTF-8"?>
<es:editSequence xmlns:es="http://www.local.com/eCo/xml/EditSequence.xsd" onSave="true">
  <es:session id="1" timestamp="20120511-14:30:11.656">
    <es:EditOperation timestamp="20120511-14:30:49.530" repositoryPath="Soccerbots" mainBehaviour="PorteroBasico" operationType="ADD_NODE" parentBehaviour="PorteroBasico" parentId="MAIN" id="1" />
    <es:EditOperation timestamp="20120511-14:30:50.224" repositoryPath="Soccerbots" mainBehaviour="PorteroBasico" operationType="ADD_NODE" parentBehaviour="PorteroBasico" parentId="MAIN" id="2" />
    <es:EditOperation timestamp="20120511-14:30:50.698" repositoryPath="Soccerbots" mainBehaviour="PorteroBasico" operationType="ADD_NODE" parentBehaviour="PorteroBasico" parentId="MAIN" id="3" />
  </es:session>
  <es:session id="2" timestamp="20120511-14:31:24.925">
    <es:EditOperation timestamp="20120511-14:36:30.423" repositoryPath="Soccerbots" mainBehaviour="PorteroBasico" operationType="EDIT_NODE" parentBehaviour="PorteroBasico" parentId="MAIN" id="1">
      <es:oldContent />
      <es:newContent>
        <compAtomico xmlns="http://www.local.com/eCo/xml/Comportamiento.xsd" nombre="Walk Towards Goal" descripcion="">
          <listaPropiedades>
            <propiedad nombre="Attacker" valor="3.0" />
            <propiedad nombre="Defender" valor="2.0" />
            <propiedad nombre="Mobility" valor="4.0" />
            <propiedad nombre="Goalkeeper" valor="1.0" />
          </listaPropiedades>
          <basicBehaviour name="Walk Towards Goal" />
        </compAtomico>
      </es:newContent>
    </es:EditOperation>
    <es:CompoundOperation operationType="COMPOUNDEDIT" description="eliminar nodo">
      <es:EditOperation timestamp="20120511-14:54:50.019" repositoryPath="Soccerbots" mainBehaviour="PorteroBasico" operationType="REMOVE_NODE" parentBehaviour="PorteroBasico" parentId="MAIN" id="2" />
    </es:CompoundOperation>
    <es:EditOperation timestamp="20120511-14:54:52.389" repositoryPath="Soccerbots" mainBehaviour="PorteroBasico" operationType="ADD_NODE" parentBehaviour="PorteroBasico" parentId="MAIN" id="4" />
    <es:EditOperation timestamp="20120511-14:56:33.782" repositoryPath="Soccerbots" mainBehaviour="PorteroBasico" operationType="EDIT_NODE" parentBehaviour="PorteroBasico" parentId="MAIN" id="4">
      <es:oldContent />
      <es:newContent>
        <compAtomico xmlns="http://www.local.com/eCo/xml/Comportamiento.xsd" nombre="AlinearArriba" descripcion="">
          <listaPropiedades>
            <propiedad nombre="Attacker" valor="3.0" />
            <propiedad nombre="Defender" valor="2.0" />
            <propiedad nombre="Mobility" valor="4.0" />
            <propiedad nombre="Goalkeeper" valor="1.0" />
          </listaPropiedades>
          <basicBehaviour name="subir" />
        </compAtomico>
      </es:newContent>
    </es:EditOperation>
    <es:EditOperation timestamp="20120511-14:56:55.125" repositoryPath="Soccerbots" mainBehaviour="PorteroBasico" operationType="EDIT_NODE" parentBehaviour="PorteroBasico" parentId="MAIN" id="3">
      <es:oldContent />
      <es:newContent>
        <compAtomico xmlns="http://www.local.com/eCo/xml/Comportamiento.xsd" nombre="AlinearAbajo" descripcion="">
          <listaPropiedades>
            <propiedad nombre="Attacker" valor="3.0" />
            <propiedad nombre="Defender" valor="2.0" />
            <propiedad nombre="Mobility" valor="4.0" />
            <propiedad nombre="Goalkeeper" valor="1.0" />
          </listaPropiedades>
          <basicBehaviour name="bajar" />
        </compAtomico>
      </es:newContent>
    </es:EditOperation>
    <es:EditOperation timestamp="20120511-14:57:52.439" repositoryPath="Soccerbots" mainBehaviour="PorteroBasico" operationType="ADD_NODE" parentBehaviour="PorteroBasico" parentId="MAIN" id="7" />
    <es:EditOperation timestamp="20120511-14:58:01.866" repositoryPath="Soccerbots" mainBehaviour="PorteroBasico" operationType="EDIT_NODE" parentBehaviour="PorteroBasico" parentId="MAIN" id="7">
      <es:oldContent />
      <es:newContent>
        <compAtomico xmlns="http://www.local.com/eCo/xml/Comportamiento.xsd" nombre="Wait" descripcion="">
          <listaPropiedades>
            <propiedad nombre="Attacker" valor="3.0" />
            <propiedad nombre="Defender" valor="2.0" />
            <propiedad nombre="Mobility" valor="4.0" />
            <propiedad nombre="Goalkeeper" valor="1.0" />
          </listaPropiedades>
          <basicBehaviour name="Wait" />
        </compAtomico>
      </es:newContent>
    </es:EditOperation>
    <es:EditOperation timestamp="20120511-14:58:23.074" repositoryPath="Soccerbots" mainBehaviour="PorteroBasico" operationType="ADD_EDGE" parentBehaviour="PorteroBasico" parentId="MAIN" id="8" from="1" to="4" />
    <es:EditOperation timestamp="20120511-14:58:24.156" repositoryPath="Soccerbots" mainBehaviour="PorteroBasico" operationType="ADD_EDGE" parentBehaviour="PorteroBasico" parentId="MAIN" id="9" from="1" to="3" />
    <es:EditOperation timestamp="20120511-14:58:26.689" repositoryPath="Soccerbots" mainBehaviour="PorteroBasico" operationType="ADD_EDGE" parentBehaviour="PorteroBasico" parentId="MAIN" id="10" from="3" to="7" />
    <es:EditOperation timestamp="20120511-14:58:27.758" repositoryPath="Soccerbots" mainBehaviour="PorteroBasico" operationType="ADD_EDGE" parentBehaviour="PorteroBasico" parentId="MAIN" id="11" from="4" to="7" />
    <es:EditOperation timestamp="20120511-14:58:29.432" repositoryPath="Soccerbots" mainBehaviour="PorteroBasico" operationType="ADD_EDGE" parentBehaviour="PorteroBasico" parentId="MAIN" id="12" from="7" to="3" />
    <es:EditOperation timestamp="20120511-14:58:31.357" repositoryPath="Soccerbots" mainBehaviour="PorteroBasico" operationType="ADD_EDGE" parentBehaviour="PorteroBasico" parentId="MAIN" id="13" from="7" to="4" />
    <es:EditOperation timestamp="20120511-14:58:46.658" repositoryPath="Soccerbots" mainBehaviour="PorteroBasico" operationType="ADD_EDGE" parentBehaviour="PorteroBasico" parentId="MAIN" id="14" from="4" to="3" />
    <es:EditOperation timestamp="20120511-14:58:47.841" repositoryPath="Soccerbots" mainBehaviour="PorteroBasico" operationType="ADD_EDGE" parentBehaviour="PorteroBasico" parentId="MAIN" id="15" from="3" to="4" />
    <es:EditOperation timestamp="20120511-15:03:58.165" repositoryPath="Soccerbots" mainBehaviour="PorteroBasico" operationType="EDIT_EDGE" parentBehaviour="PorteroBasico" parentId="MAIN" id="8">
      <es:oldEdge>
        <arista xmlns="http://www.local.com/eCo/xml/Comportamiento.xsd" id="8" origen="1" destino="4" descripcion="">
          <condition />
        </arista>
      </es:oldEdge>
      <es:newEdge>
        <arista xmlns="http://www.local.com/eCo/xml/Comportamiento.xsd" id="8" origen="1" destino="4" descripcion="La pelota está situada por encima del portero en el eje Y">
          <condition>
            <aggregation aggregator="AND">
              <condition xmlns="" comparator="==">
                <left type="sensor" value="fieldBallY" />
                <right type="sensor" value="getPositionY" />
              </condition>
              <condition xmlns="" comparator="&lt;">
                <left type="sensor" value="getPositionY" />
                <right type="constant" value="0.25" />
              </condition>
              <condition xmlns="" comparator="&lt;">
                <left type="sensor" value="normalizedPositionX" />
                <right type="constant" value="-1.20" />
              </condition>
            </aggregation>
          </condition>
        </arista>
      </es:newEdge>
    </es:EditOperation>
    <es:EditOperation timestamp="20120511-15:07:31.820" repositoryPath="Soccerbots" mainBehaviour="PorteroBasico" operationType="EDIT_EDGE" parentBehaviour="PorteroBasico" parentId="MAIN" id="9">
      <es:oldEdge>
        <arista xmlns="http://www.local.com/eCo/xml/Comportamiento.xsd" id="9" origen="1" destino="3" descripcion="">
          <condition />
        </arista>
      </es:oldEdge>
      <es:newEdge>
        <arista xmlns="http://www.local.com/eCo/xml/Comportamiento.xsd" id="9" origen="1" destino="3" descripcion="La pelota está situada por debajo del portero en el eje Y y además estamos en el área">
          <condition>
            <aggregation aggregator="AND">
              <condition xmlns="" comparator="&lt;">
                <left type="sensor" value="fieldBallY" />
                <right type="sensor" value="getPositionY" />
              </condition>
              <condition xmlns="" comparator="&lt;">
                <left type="sensor" value="normalizedPositionX" />
                <right type="constant" value="-1.20" />
              </condition>
              <condition xmlns="" comparator="&gt;">
                <left type="sensor" value="getPositionY" />
                <right type="constant" value="-0.25" />
              </condition>
            </aggregation>
          </condition>
        </arista>
      </es:newEdge>
    </es:EditOperation>
    <es:EditOperation timestamp="20120511-15:08:43.490" repositoryPath="Soccerbots" mainBehaviour="PorteroBasico" operationType="EDIT_EDGE" parentBehaviour="PorteroBasico" parentId="MAIN" id="14">
      <es:oldEdge>
        <arista xmlns="http://www.local.com/eCo/xml/Comportamiento.xsd" id="14" origen="4" destino="3" descripcion="">
          <condition />
        </arista>
      </es:oldEdge>
      <es:newEdge>
        <arista xmlns="http://www.local.com/eCo/xml/Comportamiento.xsd" id="14" origen="4" destino="3" descripcion="El portero está situado por encima de la pelota">
          <condition>
            <aggregation aggregator="AND">
              <condition xmlns="" comparator="&lt;">
                <left type="sensor" value="fieldBallY" />
                <right type="sensor" value="getPositionY" />
              </condition>
              <condition xmlns="" comparator="&gt;">
                <left type="sensor" value="getPositionY" />
                <right type="constant" value="-0.25" />
              </condition>
            </aggregation>
          </condition>
        </arista>
      </es:newEdge>
    </es:EditOperation>
    <es:EditOperation timestamp="20120511-15:09:27.365" repositoryPath="Soccerbots" mainBehaviour="PorteroBasico" operationType="EDIT_EDGE" parentBehaviour="PorteroBasico" parentId="MAIN" id="15">
      <es:oldEdge>
        <arista xmlns="http://www.local.com/eCo/xml/Comportamiento.xsd" id="15" origen="3" destino="4" descripcion="">
          <condition />
        </arista>
      </es:oldEdge>
      <es:newEdge>
        <arista xmlns="http://www.local.com/eCo/xml/Comportamiento.xsd" id="15" origen="3" destino="4" descripcion="El portero está por debajo de la pelota">
          <condition>
            <aggregation aggregator="AND">
              <condition xmlns="" comparator="&gt;">
                <left type="sensor" value="fieldBallY" />
                <right type="sensor" value="getPositionY" />
              </condition>
              <condition xmlns="" comparator="&lt;">
                <left type="sensor" value="getPositionY" />
                <right type="constant" value="0.25" />
              </condition>
            </aggregation>
          </condition>
        </arista>
      </es:newEdge>
    </es:EditOperation>
    <es:EditOperation timestamp="20120511-15:11:38.260" repositoryPath="Soccerbots" mainBehaviour="PorteroBasico" operationType="EDIT_EDGE" parentBehaviour="PorteroBasico" parentId="MAIN" id="11">
      <es:oldEdge>
        <arista xmlns="http://www.local.com/eCo/xml/Comportamiento.xsd" id="11" origen="4" destino="7" descripcion="">
          <condition />
        </arista>
      </es:oldEdge>
      <es:newEdge>
        <arista xmlns="http://www.local.com/eCo/xml/Comportamiento.xsd" id="11" origen="4" destino="7" descripcion="la pelota está muy por encima del portero">
          <condition>
            <aggregation aggregator="AND">
              <condition xmlns="" comparator="&gt;">
                <left type="sensor" value="fieldBallY" />
                <right type="constant" value="0.25" />
              </condition>
              <condition xmlns="" comparator="&gt;">
                <left type="sensor" value="getPositionY" />
                <right type="constant" value="0.23" />
              </condition>
            </aggregation>
          </condition>
        </arista>
      </es:newEdge>
    </es:EditOperation>
    <es:EditOperation timestamp="20120511-15:12:46.123" repositoryPath="Soccerbots" mainBehaviour="PorteroBasico" operationType="EDIT_EDGE" parentBehaviour="PorteroBasico" parentId="MAIN" id="13">
      <es:oldEdge>
        <arista xmlns="http://www.local.com/eCo/xml/Comportamiento.xsd" id="13" origen="7" destino="4" descripcion="">
          <condition />
        </arista>
      </es:oldEdge>
      <es:newEdge>
        <arista xmlns="http://www.local.com/eCo/xml/Comportamiento.xsd" id="13" origen="7" destino="4" descripcion="La pelota vuelve a estar por encima del portero">
          <condition>
            <aggregation aggregator="AND">
              <condition xmlns="" comparator="&lt;">
                <left type="sensor" value="getPositionY" />
                <right type="constant" value="0.23" />
              </condition>
              <condition xmlns="" comparator="&gt;">
                <left type="sensor" value="fieldBallY" />
                <right type="sensor" value="getPositionY" />
              </condition>
            </aggregation>
          </condition>
        </arista>
      </es:newEdge>
    </es:EditOperation>
    <es:EditOperation timestamp="20120511-15:14:23.810" repositoryPath="Soccerbots" mainBehaviour="PorteroBasico" operationType="EDIT_EDGE" parentBehaviour="PorteroBasico" parentId="MAIN" id="12">
      <es:oldEdge>
        <arista xmlns="http://www.local.com/eCo/xml/Comportamiento.xsd" id="12" origen="7" destino="3" descripcion="">
          <condition />
        </arista>
      </es:oldEdge>
      <es:newEdge>
        <arista xmlns="http://www.local.com/eCo/xml/Comportamiento.xsd" id="12" origen="7" destino="3" descripcion="La pelota está muy por debajo del portero">
          <condition>
            <aggregation aggregator="AND">
              <condition xmlns="" comparator="&lt;">
                <left type="sensor" value="fieldBallY" />
                <right type="constant" value="-0.25" />
              </condition>
              <condition xmlns="" comparator="&lt;">
                <left type="sensor" value="getPositionY" />
                <right type="constant" value="-0.23" />
              </condition>
            </aggregation>
          </condition>
        </arista>
      </es:newEdge>
    </es:EditOperation>
    <es:EditOperation timestamp="20120511-15:15:14.174" repositoryPath="Soccerbots" mainBehaviour="PorteroBasico" operationType="EDIT_EDGE" parentBehaviour="PorteroBasico" parentId="MAIN" id="10">
      <es:oldEdge>
        <arista xmlns="http://www.local.com/eCo/xml/Comportamiento.xsd" id="10" origen="3" destino="7" descripcion="">
          <condition />
        </arista>
      </es:oldEdge>
      <es:newEdge>
        <arista xmlns="http://www.local.com/eCo/xml/Comportamiento.xsd" id="10" origen="3" destino="7" descripcion="La pelota vuelve a estar por debajo del portero">
          <condition>
            <aggregation aggregator="AND">
              <condition xmlns="" comparator="&lt;">
                <left type="sensor" value="fieldBallY" />
                <right type="sensor" value="getPositionY" />
              </condition>
              <condition xmlns="" comparator="&gt;">
                <left type="sensor" value="getPositionY" />
                <right type="constant" value="-0.23" />
              </condition>
            </aggregation>
          </condition>
        </arista>
      </es:newEdge>
    </es:EditOperation>
    <es:EditOperation timestamp="20120511-15:15:16.760" repositoryPath="Soccerbots" mainBehaviour="PorteroBasico" operationType="EDIT_EDGE" parentBehaviour="PorteroBasico" parentId="MAIN" id="12">
      <es:oldEdge>
        <arista xmlns="http://www.local.com/eCo/xml/Comportamiento.xsd" id="12" origen="7" destino="3" descripcion="La pelota está muy por debajo del portero">
          <condition>
            <aggregation aggregator="AND">
              <condition xmlns="" comparator="&lt;">
                <left type="sensor" value="fieldBallY" />
                <right type="constant" value="-0.25" />
              </condition>
              <condition xmlns="" comparator="&lt;">
                <left type="sensor" value="getPositionY" />
                <right type="constant" value="-0.23" />
              </condition>
            </aggregation>
          </condition>
        </arista>
      </es:oldEdge>
      <es:newEdge>
        <arista xmlns="http://www.local.com/eCo/xml/Comportamiento.xsd" id="12" origen="7" destino="3" descripcion="La pelota está muy por debajo del portero">
          <condition>
            <aggregation aggregator="AND">
              <condition xmlns="" comparator="&lt;">
                <left type="sensor" value="fieldBallY" />
                <right type="constant" value="-0.25" />
              </condition>
              <condition xmlns="" comparator="&lt;">
                <left type="sensor" value="getPositionY" />
                <right type="constant" value="-0.23" />
              </condition>
            </aggregation>
          </condition>
        </arista>
      </es:newEdge>
    </es:EditOperation>
  </es:session>
  <es:session id="3" timestamp="20120511-15:18:14.677">
    <es:EditOperation timestamp="20120511-15:18:18.115" repositoryPath="Soccerbots" mainBehaviour="PorteroBasico" operationType="EDIT_NODE" parentBehaviour="PorteroBasico" parentId="MAIN" id="1">
      <es:oldContent>
        <compAtomico xmlns="http://www.local.com/eCo/xml/Comportamiento.xsd" nombre="Walk Towards Goal" descripcion="">
          <listaPropiedades>
            <propiedad nombre="Attacker" valor="3.0" />
            <propiedad nombre="Defender" valor="2.0" />
            <propiedad nombre="Mobility" valor="4.0" />
            <propiedad nombre="Goalkeeper" valor="1.0" />
          </listaPropiedades>
          <basicBehaviour name="Walk Towards Goal" />
        </compAtomico>
      </es:oldContent>
      <es:newContent>
        <compAtomico xmlns="http://www.local.com/eCo/xml/Comportamiento.xsd" nombre="Walk Towards Goal" descripcion="">
          <listaPropiedades>
            <propiedad nombre="Attacker" valor="3.0" />
            <propiedad nombre="Defender" valor="2.0" />
            <propiedad nombre="Mobility" valor="4.0" />
            <propiedad nombre="Goalkeeper" valor="1.0" />
          </listaPropiedades>
          <basicBehaviour name="Walk Towards Goal" />
        </compAtomico>
      </es:newContent>
    </es:EditOperation>
    <es:EditOperation timestamp="20120511-15:19:04.760" repositoryPath="Soccerbots" mainBehaviour="PorteroBasico" operationType="EDIT_EDGE" parentBehaviour="PorteroBasico" parentId="MAIN" id="8">
      <es:oldEdge>
        <arista xmlns="http://www.local.com/eCo/xml/Comportamiento.xsd" id="8" origen="1" destino="4" descripcion="La pelota está situada por encima del portero en el eje Y">
          <condition>
            <aggregation aggregator="AND">
              <condition xmlns="" comparator="==">
                <left type="sensor" value="fieldBallY" />
                <right type="sensor" value="getPositionY" />
              </condition>
              <condition xmlns="" comparator="&lt;">
                <left type="sensor" value="getPositionY" />
                <right type="constant" value="0.25" />
              </condition>
              <condition xmlns="" comparator="&lt;">
                <left type="sensor" value="normalizedPositionX" />
                <right type="constant" value="-1.20" />
              </condition>
            </aggregation>
          </condition>
        </arista>
      </es:oldEdge>
      <es:newEdge>
        <arista xmlns="http://www.local.com/eCo/xml/Comportamiento.xsd" id="8" origen="1" destino="4" descripcion="La pelota está situada por encima del portero en el eje Y">
          <condition>
            <aggregation aggregator="AND">
              <condition xmlns="" comparator="==">
                <left type="sensor" value="fieldBallY" />
                <right type="sensor" value="getPositionY" />
              </condition>
              <condition xmlns="" comparator="&lt;">
                <left type="sensor" value="getPositionY" />
                <right type="constant" value="0.25" />
              </condition>
              <condition xmlns="" comparator="&lt;">
                <left type="sensor" value="normalizedPositionX" />
                <right type="constant" value="-1.20" />
              </condition>
            </aggregation>
          </condition>
        </arista>
      </es:newEdge>
    </es:EditOperation>
  </es:session>
  <es:session id="4" timestamp="20120511-15:22:53.954">
    <es:EditOperation timestamp="20120511-15:30:01.047" repositoryPath="Soccerbots" mainBehaviour="PorteroBasico" operationType="EDIT_EDGE" parentBehaviour="PorteroBasico" parentId="MAIN" id="12">
      <es:oldEdge>
        <arista xmlns="http://www.local.com/eCo/xml/Comportamiento.xsd" id="12" origen="7" destino="3" descripcion="La pelota está muy por debajo del portero">
          <condition>
            <aggregation aggregator="AND">
              <condition xmlns="" comparator="&lt;">
                <left type="sensor" value="fieldBallY" />
                <right type="constant" value="-0.25" />
              </condition>
              <condition xmlns="" comparator="&lt;">
                <left type="sensor" value="getPositionY" />
                <right type="constant" value="-0.23" />
              </condition>
            </aggregation>
          </condition>
        </arista>
      </es:oldEdge>
      <es:newEdge>
        <arista xmlns="http://www.local.com/eCo/xml/Comportamiento.xsd" id="12" origen="7" destino="3" descripcion="La pelota está muy por debajo del portero">
          <condition>
            <aggregation aggregator="AND">
              <condition xmlns="" comparator="&lt;">
                <left type="sensor" value="fieldBallY" />
                <right type="constant" value="-0.25" />
              </condition>
              <condition xmlns="" comparator="&gt;">
                <left type="sensor" value="getPositionY" />
                <right type="constant" value="-0.23" />
              </condition>
            </aggregation>
          </condition>
        </arista>
      </es:newEdge>
    </es:EditOperation>
    <es:EditOperation timestamp="20120511-15:30:20.512" repositoryPath="Soccerbots" mainBehaviour="PorteroBasico" operationType="EDIT_EDGE" parentBehaviour="PorteroBasico" parentId="MAIN" id="10">
      <es:oldEdge>
        <arista xmlns="http://www.local.com/eCo/xml/Comportamiento.xsd" id="10" origen="3" destino="7" descripcion="La pelota vuelve a estar por debajo del portero">
          <condition>
            <aggregation aggregator="AND">
              <condition xmlns="" comparator="&lt;">
                <left type="sensor" value="fieldBallY" />
                <right type="sensor" value="getPositionY" />
              </condition>
              <condition xmlns="" comparator="&gt;">
                <left type="sensor" value="getPositionY" />
                <right type="constant" value="-0.23" />
              </condition>
            </aggregation>
          </condition>
        </arista>
      </es:oldEdge>
      <es:newEdge>
        <arista xmlns="http://www.local.com/eCo/xml/Comportamiento.xsd" id="10" origen="3" destino="7" descripcion="La pelota vuelve a estar por debajo del portero">
          <condition>
            <aggregation aggregator="AND">
              <condition xmlns="" comparator="&lt;">
                <left type="sensor" value="fieldBallY" />
                <right type="sensor" value="getPositionY" />
              </condition>
              <condition xmlns="" comparator="&gt;">
                <left type="sensor" value="getPositionY" />
                <right type="constant" value="-0.23" />
              </condition>
            </aggregation>
          </condition>
        </arista>
      </es:newEdge>
    </es:EditOperation>
    <es:EditOperation timestamp="20120511-15:30:50.687" repositoryPath="Soccerbots" mainBehaviour="PorteroBasico" operationType="EDIT_EDGE" parentBehaviour="PorteroBasico" parentId="MAIN" id="9">
      <es:oldEdge>
        <arista xmlns="http://www.local.com/eCo/xml/Comportamiento.xsd" id="9" origen="1" destino="3" descripcion="La pelota está situada por debajo del portero en el eje Y y además estamos en el área">
          <condition>
            <aggregation aggregator="AND">
              <condition xmlns="" comparator="&lt;">
                <left type="sensor" value="fieldBallY" />
                <right type="sensor" value="getPositionY" />
              </condition>
              <condition xmlns="" comparator="&lt;">
                <left type="sensor" value="normalizedPositionX" />
                <right type="constant" value="-1.20" />
              </condition>
              <condition xmlns="" comparator="&gt;">
                <left type="sensor" value="getPositionY" />
                <right type="constant" value="-0.25" />
              </condition>
            </aggregation>
          </condition>
        </arista>
      </es:oldEdge>
      <es:newEdge>
        <arista xmlns="http://www.local.com/eCo/xml/Comportamiento.xsd" id="9" origen="1" destino="3" descripcion="La pelota está situada por debajo del portero en el eje Y y además estamos en el área">
          <condition>
            <aggregation aggregator="AND">
              <condition xmlns="" comparator="&lt;">
                <left type="sensor" value="fieldBallY" />
                <right type="sensor" value="getPositionY" />
              </condition>
              <condition xmlns="" comparator="&lt;">
                <left type="sensor" value="normalizedPositionX" />
                <right type="constant" value="-1.30" />
              </condition>
              <condition xmlns="" comparator="&gt;">
                <left type="sensor" value="getPositionY" />
                <right type="constant" value="-0.25" />
              </condition>
            </aggregation>
          </condition>
        </arista>
      </es:newEdge>
    </es:EditOperation>
    <es:EditOperation timestamp="20120511-15:31:15.138" repositoryPath="Soccerbots" mainBehaviour="PorteroBasico" operationType="EDIT_EDGE" parentBehaviour="PorteroBasico" parentId="MAIN" id="8">
      <es:oldEdge>
        <arista xmlns="http://www.local.com/eCo/xml/Comportamiento.xsd" id="8" origen="1" destino="4" descripcion="La pelota está situada por encima del portero en el eje Y">
          <condition>
            <aggregation aggregator="AND">
              <condition xmlns="" comparator="==">
                <left type="sensor" value="fieldBallY" />
                <right type="sensor" value="getPositionY" />
              </condition>
              <condition xmlns="" comparator="&lt;">
                <left type="sensor" value="getPositionY" />
                <right type="constant" value="0.25" />
              </condition>
              <condition xmlns="" comparator="&lt;">
                <left type="sensor" value="normalizedPositionX" />
                <right type="constant" value="-1.20" />
              </condition>
            </aggregation>
          </condition>
        </arista>
      </es:oldEdge>
      <es:newEdge>
        <arista xmlns="http://www.local.com/eCo/xml/Comportamiento.xsd" id="8" origen="1" destino="4" descripcion="La pelota está situada por encima del portero en el eje Y">
          <condition>
            <aggregation aggregator="AND">
              <condition xmlns="" comparator="==">
                <left type="sensor" value="fieldBallY" />
                <right type="sensor" value="getPositionY" />
              </condition>
              <condition xmlns="" comparator="&lt;">
                <left type="sensor" value="getPositionY" />
                <right type="constant" value="0.25" />
              </condition>
              <condition xmlns="" comparator="&lt;">
                <left type="sensor" value="normalizedPositionX" />
                <right type="constant" value="-1.30" />
              </condition>
            </aggregation>
          </condition>
        </arista>
      </es:newEdge>
    </es:EditOperation>
    <es:EditOperation timestamp="20120511-15:32:16.761" repositoryPath="Soccerbots" mainBehaviour="PorteroBasico" operationType="ADD_EDGE" parentBehaviour="PorteroBasico" parentId="MAIN" id="16" from="7" to="1" />
    <es:EditOperation timestamp="20120511-15:33:28.630" repositoryPath="Soccerbots" mainBehaviour="PorteroBasico" operationType="EDIT_EDGE" parentBehaviour="PorteroBasico" parentId="MAIN" id="16">
      <es:oldEdge>
        <arista xmlns="http://www.local.com/eCo/xml/Comportamiento.xsd" id="16" origen="7" destino="1" descripcion="">
          <condition />
        </arista>
      </es:oldEdge>
      <es:newEdge>
        <arista xmlns="http://www.local.com/eCo/xml/Comportamiento.xsd" id="16" origen="7" destino="1" descripcion="Estás fuera del área">
          <condition>
            <aggregation aggregator="AND">
              <condition xmlns="" comparator="&gt;">
                <left type="sensor" value="normalizedPositionX" />
                <right type="constant" value="-1.30" />
              </condition>
            </aggregation>
          </condition>
        </arista>
      </es:newEdge>
    </es:EditOperation>
    <es:EditOperation timestamp="20120511-15:33:34.152" repositoryPath="Soccerbots" mainBehaviour="PorteroBasico" operationType="ADD_EDGE" parentBehaviour="PorteroBasico" parentId="MAIN" id="17" from="3" to="1" />
    <es:EditOperation timestamp="20120511-15:33:36.820" repositoryPath="Soccerbots" mainBehaviour="PorteroBasico" operationType="ADD_EDGE" parentBehaviour="PorteroBasico" parentId="MAIN" id="18" from="4" to="1" />
    <es:EditOperation timestamp="20120511-15:34:06.275" repositoryPath="Soccerbots" mainBehaviour="PorteroBasico" operationType="EDIT_EDGE" parentBehaviour="PorteroBasico" parentId="MAIN" id="18">
      <es:oldEdge>
        <arista xmlns="http://www.local.com/eCo/xml/Comportamiento.xsd" id="18" origen="4" destino="1" descripcion="">
          <condition />
        </arista>
      </es:oldEdge>
      <es:newEdge>
        <arista xmlns="http://www.local.com/eCo/xml/Comportamiento.xsd" id="18" origen="4" destino="1" descripcion="El portero está fuera del área">
          <condition>
            <aggregation aggregator="AND">
              <condition xmlns="" comparator="&gt;">
                <left type="sensor" value="normalizedPositionX" />
                <right type="constant" value="-1.30" />
              </condition>
            </aggregation>
          </condition>
        </arista>
      </es:newEdge>
    </es:EditOperation>
    <es:EditOperation timestamp="20120511-15:34:41.582" repositoryPath="Soccerbots" mainBehaviour="PorteroBasico" operationType="EDIT_EDGE" parentBehaviour="PorteroBasico" parentId="MAIN" id="17">
      <es:oldEdge>
        <arista xmlns="http://www.local.com/eCo/xml/Comportamiento.xsd" id="17" origen="3" destino="1" descripcion="">
          <condition />
        </arista>
      </es:oldEdge>
      <es:newEdge>
        <arista xmlns="http://www.local.com/eCo/xml/Comportamiento.xsd" id="17" origen="3" destino="1" descripcion="El portero está fuera del área">
          <condition>
            <aggregation aggregator="AND">
              <condition xmlns="" comparator="&gt;">
                <left type="sensor" value="normalizedPositionX" />
                <right type="constant" value="-1.30" />
              </condition>
            </aggregation>
          </condition>
        </arista>
      </es:newEdge>
    </es:EditOperation>
  </es:session>
  <es:session id="5" timestamp="20120511-15:38:36.668" />
</es:editSequence>

